Transaction Date,Clearing Date,Description,Merchant,Category,Type,Amount (USD),Purchased By
08/27/2026,08/28/2026,MEGAMART ONLINE 1 FULFILLMENT RD COMMERCE 98100 WA USA,MegaMart Online,Shopping,Purchase,127.09,Sample User
08/26/2026,08/28/2026,DOWNTOWN CLINIC 30 WELLNESS CT SPRINGFIELD 90015 CA USA,Downtown Clinic,Medical,Purchase,182.14,Sample User
08/25/2026,08/26/2026,CORNER GROCER 77 ELM ST SPRINGFIELD 90012 CA USA,Corner Grocer,Grocery,Purchase,6.34,Sample User
08/24/2026,08/26/2026,METRO TRANSIT 1 TRANSIT WAY METROPOLIS 94101 CA USA,Metro Transit,Transportation,Purchase,9.39,Sample User
08/23/2026,08/24/2026,VINE & BARREL 17 CELLAR ROW RIVERTON 90210 CA USA,Vine & Barrel,Alcohol,Purchase,22.49,Sample User
08/22/2026,08/23/2026,CITY BIKE SHARE 600 GREENWAY METROPOLIS 94102 CA USA,City Bike Share,Entertainment,Purchase,4.58,Sample User
08/22/2026,08/23/2026,TST*BLUE DOOR CAFE 18 MAIN ST SPRINGFIELD 90011 CA USA,Blue Door Cafe,Restaurants,Purchase,11.67,Sample User
08/21/2026,08/23/2026,MEGAMART ONLINE 1 FULFILLMENT RD COMMERCE 98100 WA USA,MegaMart Online,Shopping,Purchase,36.99,Sample User
08/20/2026,08/22/2026,GREENFIELD MARKET 1200 ORCHARD AVE SPRINGFIELD 90011 CA USA,Greenfield Market,Grocery,Purchase,71.47,Sample User
08/19/2026,08/21/2026,BURGER BARN 710 RANCH RD MESQUITE FLATS 85300 AZ USA,Burger Barn,Restaurants,Purchase,13.59,Sample User
08/18/2026,08/20/2026,CITY RIDESHARE 400 TECH PARK DR METROPOLIS 94100 CA USA,City Rideshare,Transportation,Purchase,33.48,Sample User
08/18/2026,08/19/2026,FITPASS GYM 340 MUSCLE AVE SPRINGFIELD 90016 CA USA,FitPass Gym,Entertainment,Purchase,39.00,Sample User
08/17/2026,08/19/2026,CORNER GROCER 77 ELM ST SPRINGFIELD 90012 CA USA,Corner Grocer,Grocery,Purchase,33.27,Sample User
08/16/2026,08/17/2026,SQ *COFFEE COLLECTIVE 61 STATION PLZ SPRINGFIELD 90012 CA USA,Coffee Collective,Restaurants,Purchase,15.77,Sample User
08/16/2026,08/17/2026,SUNRISE DINER 5 HARBOR RD BAYSIDE 90501 CA USA,Sunrise Diner,Restaurants,Purchase,26.62,Sample User
08/15/2026,08/17/2026,CITY PHARMACY 88 MAIN ST SPRINGFIELD 90011 CA USA,City Pharmacy,Medical,Purchase,49.29,Sample User
08/14/2026,08/15/2026,GREENFIELD MARKET 1200 ORCHARD AVE SPRINGFIELD 90011 CA USA,Greenfield Market,Grocery,Purchase,52.08,Sample User
08/13/2026,08/15/2026,GREENFIELD MARKET 1200 ORCHARD AVE SPRINGFIELD 90011 CA USA,Greenfield Market,Grocery,Purchase,124.95,Sample User
08/12/2026,08/13/2026,TACO VERDE 2400 SUNSET BLVD RIVERTON 90210 CA USA,Taco Verde,Restaurants,Purchase,10.13,Sample User
08/12/2026,08/13/2026,CLOUDNOTE PRO 25 SAAS ST METROPOLIS 94108 CA USA,CloudNote Pro,Other,Purchase,9.99,Sample User
08/11/2026,08/13/2026,BURGER BARN 710 RANCH RD MESQUITE FLATS 85300 AZ USA,Burger Barn,Restaurants,Purchase,13.06,Sample User
08/10/2026,08/12/2026,BURGER BARN 710 RANCH RD MESQUITE FLATS 85300 AZ USA,Burger Barn,Restaurants,Purchase,10.10,Sample User
08/09/2026,08/10/2026,PARKING PLUS 450 GARAGE WAY METROPOLIS 94105 CA USA,Parking Plus,Other,Purchase,16.74,Sample User
08/09/2026,08/10/2026,BURGER BARN 710 RANCH RD MESQUITE FLATS 85300 AZ USA,Burger Barn,Restaurants,Purchase,10.04,Sample User
08/08/2026,08/09/2026,CORNER GROCER 77 ELM ST SPRINGFIELD 90012 CA USA,Corner Grocer,Grocery,Purchase,35.27,Sample User
08/07/2026,08/08/2026,TST*NOODLE JUNCTION 901 CANAL ST SPRINGFIELD 90013 CA USA,Noodle Junction,Restaurants,Purchase,36.99,Sample User
08/06/2026,08/08/2026,ROADSTAR FUEL 1500 HIGHWAY 9 SPRINGFIELD 90014 CA USA,Roadstar Fuel,Gas,Purchase,60.69,Sample User
08/05/2026,08/07/2026,SQ *COFFEE COLLECTIVE 61 STATION PLZ SPRINGFIELD 90012 CA USA,Coffee Collective,Restaurants,Purchase,10.95,Sample User
08/05/2026,08/05/2026,GADGET DEPOT MONTHLY INSTALLMENT,Gadget Depot Installments,Installment,Installment,41.62,Sample User
08/05/2026,08/05/2026,ACH DEPOSIT INTERNET TRANSFER FROM ACCOUNT ENDING IN 1122,Ach Deposit Internet Transfer From Account Ending In 1122,Payment,Payment,-1660.00,Sample User
08/04/2026,08/06/2026,METRO TRANSIT 1 TRANSIT WAY METROPOLIS 94101 CA USA,Metro Transit,Transportation,Purchase,7.38,Sample User
08/03/2026,08/04/2026,STREAMFLEX 500 MEDIA WAY METROPOLIS 94107 CA USA,StreamFlex,Entertainment,Purchase,15.99,Sample User
08/02/2026,08/03/2026,BLUE SKY AIRLINES 200 AIRPORT LOOP MESQUITE FLATS 85301 AZ USA,Blue Sky Airlines,Airlines,Purchase,169.82,Sample User
08/02/2026,08/04/2026,PARKING PLUS 450 GARAGE WAY METROPOLIS 94105 CA USA,Parking Plus,Other,Purchase,15.89,Sample User
08/01/2026,08/03/2026,GREENFIELD MARKET 1200 ORCHARD AVE SPRINGFIELD 90011 CA USA,Greenfield Market,Grocery,Purchase,24.11,Sample User
07/31/2026,08/02/2026,STYLE OUTLET 78 FASHION SQ RIVERTON 90210 CA USA,Style Outlet,Shopping,Purchase,33.29,Sample User
07/30/2026,08/01/2026,CORNER GROCER 77 ELM ST SPRINGFIELD 90012 CA USA,Corner Grocer,Grocery,Purchase,42.65,Sample User
07/29/2026,07/30/2026,HARVEST FOODS 450 MEADOW LN RIVERTON 90210 CA USA,Harvest Foods,Grocery,Purchase,96.48,Sample User
07/28/2026,07/30/2026,GREENFIELD MARKET 1200 ORCHARD AVE SPRINGFIELD 90011 CA USA,Greenfield Market,Grocery,Purchase,16.66,Sample User
07/27/2026,07/29/2026,CINEMA PLAZA 95 PROMENADE SPRINGFIELD 90011 CA USA,Cinema Plaza,Entertainment,Purchase,44.04,Sample User
07/26/2026,07/28/2026,MEGAMART ONLINE 1 FULFILLMENT RD COMMERCE 98100 WA USA,MegaMart Online,Shopping,Purchase,22.91,Sample User
07/25/2026,07/27/2026,TST*BLUE DOOR CAFE 18 MAIN ST SPRINGFIELD 90011 CA USA,Blue Door Cafe,Restaurants,Purchase,25.21,Sample User
07/24/2026,07/25/2026,MEGAMART ONLINE 1 FULFILLMENT RD COMMERCE 98100 WA USA,MegaMart Online,Shopping,Purchase,136.72,Sample User
07/23/2026,07/24/2026,GREENFIELD MARKET 1200 ORCHARD AVE SPRINGFIELD 90011 CA USA,Greenfield Market,Grocery,Purchase,65.39,Sample User
07/22/2026,07/23/2026,CITY RIDESHARE 400 TECH PARK DR METROPOLIS 94100 CA USA,City Rideshare,Transportation,Purchase,30.22,Sample User
07/21/2026,07/23/2026,METRO TRANSIT 1 TRANSIT WAY METROPOLIS 94101 CA USA,Metro Transit,Transportation,Purchase,8.51,Sample User
07/20/2026,07/22/2026,SQ *COFFEE COLLECTIVE 61 STATION PLZ SPRINGFIELD 90012 CA USA,Coffee Collective,Restaurants,Purchase,14.04,Sample User
07/19/2026,07/21/2026,CITY RIDESHARE 400 TECH PARK DR METROPOLIS 94100 CA USA,City Rideshare,Transportation,Purchase,25.62,Sample User
07/18/2026,07/20/2026,MEGAMART ONLINE 1 FULFILLMENT RD COMMERCE 98100 WA USA,MegaMart Online,Shopping,Purchase,103.07,Sample User
07/18/2026,07/19/2026,FITPASS GYM 340 MUSCLE AVE SPRINGFIELD 90016 CA USA,FitPass Gym,Entertainment,Purchase,39.00,Sample User
07/17/2026,07/19/2026,PARKING PLUS 450 GARAGE WAY METROPOLIS 94105 CA USA,Parking Plus,Other,Purchase,4.32,Sample User
07/16/2026,07/17/2026,GREENFIELD MARKET 1200 ORCHARD AVE SPRINGFIELD 90011 CA USA,Greenfield Market,Grocery,Purchase,131.48,Sample User
07/15/2026,07/16/2026,GREENFIELD MARKET 1200 ORCHARD AVE SPRINGFIELD 90011 CA USA,Greenfield Market,Grocery,Purchase,63.09,Sample User
07/14/2026,07/16/2026,SQ *COFFEE COLLECTIVE 61 STATION PLZ SPRINGFIELD 90012 CA USA,Coffee Collective,Restaurants,Purchase,15.74,Sample User
07/13/2026,07/15/2026,CITY BIKE SHARE 600 GREENWAY METROPOLIS 94102 CA USA,City Bike Share,Entertainment,Purchase,14.51,Sample User
07/12/2026,07/14/2026,METRO TRANSIT 1 TRANSIT WAY METROPOLIS 94101 CA USA,Metro Transit,Transportation,Purchase,5.76,Sample User
07/12/2026,07/13/2026,CLOUDNOTE PRO 25 SAAS ST METROPOLIS 94108 CA USA,CloudNote Pro,Other,Purchase,9.99,Sample User
07/11/2026,07/13/2026,METRO TRANSIT 1 TRANSIT WAY METROPOLIS 94101 CA USA,Metro Transit,Transportation,Purchase,9.96,Sample User
07/10/2026,07/11/2026,TST*NOODLE JUNCTION 901 CANAL ST SPRINGFIELD 90013 CA USA,Noodle Junction,Restaurants,Purchase,53.80,Sample User
07/09/2026,07/10/2026,BURGER BARN 710 RANCH RD MESQUITE FLATS 85300 AZ USA,Burger Barn,Restaurants,Purchase,22.19,Sample User
07/08/2026,07/10/2026,CORNER GROCER 77 ELM ST SPRINGFIELD 90012 CA USA,Corner Grocer,Grocery,Purchase,29.44,Sample User
07/07/2026,07/09/2026,SQ *COFFEE COLLECTIVE 61 STATION PLZ SPRINGFIELD 90012 CA USA,Coffee Collective,Restaurants,Purchase,11.32,Sample User
07/06/2026,07/07/2026,BURGER BARN 710 RANCH RD MESQUITE FLATS 85300 AZ USA,Burger Barn,Restaurants,Purchase,27.00,Sample User
07/05/2026,07/06/2026,CORNER GROCER 77 ELM ST SPRINGFIELD 90012 CA USA,Corner Grocer,Grocery,Purchase,10.33,Sample User
07/05/2026,07/07/2026,VINE & BARREL 17 CELLAR ROW RIVERTON 90210 CA USA,Vine & Barrel,Alcohol,Purchase,34.30,Sample User
07/05/2026,07/05/2026,GADGET DEPOT MONTHLY INSTALLMENT,Gadget Depot Installments,Installment,Installment,41.62,Sample User
07/05/2026,07/05/2026,ACH DEPOSIT INTERNET TRANSFER FROM ACCOUNT ENDING IN 1122,Ach Deposit Internet Transfer From Account Ending In 1122,Payment,Payment,-1990.00,Sample User
07/04/2026,07/05/2026,MEGAMART ONLINE 1 FULFILLMENT RD COMMERCE 98100 WA USA,MegaMart Online,Shopping,Purchase,99.89,Sample User
07/04/2026,07/05/2026,GREENFIELD MARKET 1200 ORCHARD AVE SPRINGFIELD 90011 CA USA,Greenfield Market,Grocery,Purchase,125.18,Sample User
07/03/2026,07/05/2026,GREENFIELD MARKET 1200 ORCHARD AVE SPRINGFIELD 90011 CA USA,Greenfield Market,Grocery,Purchase,138.68,Sample User
07/03/2026,07/04/2026,STREAMFLEX 500 MEDIA WAY METROPOLIS 94107 CA USA,StreamFlex,Entertainment,Purchase,15.99,Sample User
07/02/2026,07/03/2026,HARVEST FOODS 450 MEADOW LN RIVERTON 90210 CA USA,Harvest Foods,Grocery,Purchase,17.19,Sample User
07/02/2026,07/03/2026,GADGET DEPOT 512 CIRCUIT DR METROPOLIS 94103 CA USA,Gadget Depot,Credit,Credit,-61.34,Sample User
07/01/2026,07/02/2026,STYLE OUTLET 78 FASHION SQ RIVERTON 90210 CA USA,Style Outlet,Shopping,Purchase,112.17,Sample User
06/30/2026,07/02/2026,TACO VERDE 2400 SUNSET BLVD RIVERTON 90210 CA USA,Taco Verde,Restaurants,Purchase,25.19,Sample User
06/29/2026,07/01/2026,CITY BIKE SHARE 600 GREENWAY METROPOLIS 94102 CA USA,City Bike Share,Entertainment,Purchase,8.10,Sample User
06/28/2026,06/30/2026,CITY BIKE SHARE 600 GREENWAY METROPOLIS 94102 CA USA,City Bike Share,Entertainment,Purchase,16.37,Sample User
06/28/2026,06/30/2026,GREENFIELD MARKET 1200 ORCHARD AVE SPRINGFIELD 90011 CA USA,Greenfield Market,Grocery,Purchase,33.37,Sample User
06/27/2026,06/29/2026,SQ *COFFEE COLLECTIVE 61 STATION PLZ SPRINGFIELD 90012 CA USA,Coffee Collective,Restaurants,Purchase,10.22,Sample User
06/27/2026,06/29/2026,CORNER GROCER 77 ELM ST SPRINGFIELD 90012 CA USA,Corner Grocer,Grocery,Purchase,42.09,Sample User
06/26/2026,06/27/2026,PIZZA PIAZZA 333 OAK AVE SPRINGFIELD 90011 CA USA,Pizza Piazza,Restaurants,Purchase,39.74,Sample User
06/26/2026,06/27/2026,PIZZA PIAZZA 333 OAK AVE SPRINGFIELD 90011 CA USA,Pizza Piazza,Restaurants,Purchase,54.04,Sample User
06/25/2026,06/26/2026,SQ *COFFEE COLLECTIVE 61 STATION PLZ SPRINGFIELD 90012 CA USA,Coffee Collective,Restaurants,Purchase,13.82,Sample User
06/24/2026,06/25/2026,SQ *COFFEE COLLECTIVE 61 STATION PLZ SPRINGFIELD 90012 CA USA,Coffee Collective,Restaurants,Purchase,5.25,Sample User
06/23/2026,06/25/2026,MEGAMART ONLINE 1 FULFILLMENT RD COMMERCE 98100 WA USA,MegaMart Online,Shopping,Purchase,124.73,Sample User
06/22/2026,06/24/2026,SUMMIT LODGE 9000 ALPINE RD SUMMIT VALE 80400 CO USA,Summit Lodge,Hotels,Purchase,192.61,Sample User
06/21/2026,06/23/2026,PIZZA PIAZZA 333 OAK AVE SPRINGFIELD 90011 CA USA,Pizza Piazza,Restaurants,Purchase,23.62,Sample User
06/21/2026,06/22/2026,MEGAMART ONLINE 1 FULFILLMENT RD COMMERCE 98100 WA USA,MegaMart Online,Shopping,Purchase,57.39,Sample User
06/20/2026,06/22/2026,CORNER GROCER 77 ELM ST SPRINGFIELD 90012 CA USA,Corner Grocer,Grocery,Purchase,13.65,Sample User
06/20/2026,06/22/2026,GREENFIELD MARKET 1200 ORCHARD AVE SPRINGFIELD 90011 CA USA,Greenfield Market,Grocery,Purchase,128.53,Sample User
06/19/2026,06/21/2026,CORNER GROCER 77 ELM ST SPRINGFIELD 90012 CA USA,Corner Grocer,Grocery,Purchase,28.46,Sample User
06/18/2026,06/20/2026,CITY BIKE SHARE 600 GREENWAY METROPOLIS 94102 CA USA,City Bike Share,Entertainment,Purchase,7.67,Sample User
06/18/2026,06/20/2026,TST*BLUE DOOR CAFE 18 MAIN ST SPRINGFIELD 90011 CA USA,Blue Door Cafe,Restaurants,Purchase,17.64,Sample User
06/18/2026,06/19/2026,FITPASS GYM 340 MUSCLE AVE SPRINGFIELD 90016 CA USA,FitPass Gym,Entertainment,Purchase,39.00,Sample User
06/17/2026,06/18/2026,CITY RIDESHARE 400 TECH PARK DR METROPOLIS 94100 CA USA,City Rideshare,Transportation,Purchase,14.95,Sample User
06/16/2026,06/18/2026,SUMMIT LODGE 9000 ALPINE RD SUMMIT VALE 80400 CO USA,Summit Lodge,Hotels,Purchase,279.64,Sample User
06/16/2026,06/18/2026,DOWNTOWN CLINIC 30 WELLNESS CT SPRINGFIELD 90015 CA USA,Downtown Clinic,Medical,Purchase,120.67,Sample User
06/15/2026,06/17/2026,CORNER GROCER 77 ELM ST SPRINGFIELD 90012 CA USA,Corner Grocer,Grocery,Purchase,41.45,Sample User
06/14/2026,06/16/2026,BURGER BARN 710 RANCH RD MESQUITE FLATS 85300 AZ USA,Burger Barn,Restaurants,Purchase,14.09,Sample User
06/14/2026,06/16/2026,MEGAMART ONLINE 1 FULFILLMENT RD COMMERCE 98100 WA USA,MegaMart Online,Shopping,Purchase,75.20,Sample User
06/13/2026,06/14/2026,SQ *COFFEE COLLECTIVE 61 STATION PLZ SPRINGFIELD 90012 CA USA,Coffee Collective,Restaurants,Purchase,10.48,Sample User
06/12/2026,06/14/2026,METRO TRANSIT 1 TRANSIT WAY METROPOLIS 94101 CA USA,Metro Transit,Transportation,Purchase,5.34,Sample User
06/12/2026,06/13/2026,CLOUDNOTE PRO 25 SAAS ST METROPOLIS 94108 CA USA,CloudNote Pro,Other,Purchase,9.99,Sample User
06/11/2026,06/13/2026,CITY PHARMACY 88 MAIN ST SPRINGFIELD 90011 CA USA,City Pharmacy,Medical,Purchase,23.60,Sample User
06/10/2026,06/11/2026,TST*BLUE DOOR CAFE 18 MAIN ST SPRINGFIELD 90011 CA USA,Blue Door Cafe,Restaurants,Purchase,15.07,Sample User
06/09/2026,06/11/2026,TST*NOODLE JUNCTION 901 CANAL ST SPRINGFIELD 90013 CA USA,Noodle Junction,Restaurants,Purchase,46.96,Sample User
06/08/2026,06/09/2026,TST*BLUE DOOR CAFE 18 MAIN ST SPRINGFIELD 90011 CA USA,Blue Door Cafe,Restaurants,Purchase,11.45,Sample User
06/07/2026,06/08/2026,TST*SUSHI GROVE 840 GARDEN WAY RIVERTON 90210 CA USA,Sushi Grove,Restaurants,Purchase,92.32,Sample User
06/07/2026,06/09/2026,TST*BLUE DOOR CAFE 18 MAIN ST SPRINGFIELD 90011 CA USA,Blue Door Cafe,Restaurants,Purchase,9.10,Sample User
06/06/2026,06/08/2026,CITY PHARMACY 88 MAIN ST SPRINGFIELD 90011 CA USA,City Pharmacy,Medical,Purchase,36.56,Sample User
06/06/2026,06/08/2026,SQ *COFFEE COLLECTIVE 61 STATION PLZ SPRINGFIELD 90012 CA USA,Coffee Collective,Restaurants,Purchase,5.16,Sample User
06/05/2026,06/07/2026,QUICK PRINT SHOP 12 COPY LN SPRINGFIELD 90012 CA USA,Quick Print Shop,Other,Purchase,24.11,Sample User
06/05/2026,06/05/2026,GADGET DEPOT MONTHLY INSTALLMENT,Gadget Depot Installments,Installment,Installment,41.62,Sample User
06/05/2026,06/05/2026,ACH DEPOSIT INTERNET TRANSFER FROM ACCOUNT ENDING IN 1122,Ach Deposit Internet Transfer From Account Ending In 1122,Payment,Payment,-2410.00,Sample User
06/04/2026,06/06/2026,CORNER GROCER 77 ELM ST SPRINGFIELD 90012 CA USA,Corner Grocer,Grocery,Purchase,8.62,Sample User
06/03/2026,06/04/2026,VINE & BARREL 17 CELLAR ROW RIVERTON 90210 CA USA,Vine & Barrel,Alcohol,Purchase,84.34,Sample User
06/03/2026,06/04/2026,STREAMFLEX 500 MEDIA WAY METROPOLIS 94107 CA USA,StreamFlex,Entertainment,Purchase,15.99,Sample User
06/02/2026,06/03/2026,GREENFIELD MARKET 1200 ORCHARD AVE SPRINGFIELD 90011 CA USA,Greenfield Market,Grocery,Purchase,107.41,Sample User
06/02/2026,06/04/2026,GREENFIELD MARKET 1200 ORCHARD AVE SPRINGFIELD 90011 CA USA,Greenfield Market,Grocery,Purchase,34.69,Sample User
06/01/2026,06/03/2026,PARKING PLUS 450 GARAGE WAY METROPOLIS 94105 CA USA,Parking Plus,Other,Purchase,22.67,Sample User
05/31/2026,06/02/2026,QUICK PRINT SHOP 12 COPY LN SPRINGFIELD 90012 CA USA,Quick Print Shop,Other,Purchase,36.02,Sample User
05/31/2026,06/02/2026,METRO TRANSIT 1 TRANSIT WAY METROPOLIS 94101 CA USA,Metro Transit,Transportation,Purchase,8.82,Sample User
05/30/2026,05/31/2026,SQ *COFFEE COLLECTIVE 61 STATION PLZ SPRINGFIELD 90012 CA USA,Coffee Collective,Restaurants,Purchase,8.53,Sample User
05/30/2026,05/31/2026,CITY BIKE SHARE 600 GREENWAY METROPOLIS 94102 CA USA,City Bike Share,Entertainment,Purchase,5.18,Sample User
05/29/2026,05/31/2026,TST*BLUE DOOR CAFE 18 MAIN ST SPRINGFIELD 90011 CA USA,Blue Door Cafe,Restaurants,Purchase,20.35,Sample User
05/28/2026,05/29/2026,TST*NOODLE JUNCTION 901 CANAL ST SPRINGFIELD 90013 CA USA,Noodle Junction,Restaurants,Purchase,23.25,Sample User
05/27/2026,05/28/2026,TST*NOODLE JUNCTION 901 CANAL ST SPRINGFIELD 90013 CA USA,Noodle Junction,Restaurants,Purchase,18.97,Sample User
05/26/2026,05/28/2026,PIZZA PIAZZA 333 OAK AVE SPRINGFIELD 90011 CA USA,Pizza Piazza,Restaurants,Purchase,59.70,Sample User
05/25/2026,05/27/2026,ROADSTAR FUEL 1500 HIGHWAY 9 SPRINGFIELD 90014 CA USA,Roadstar Fuel,Gas,Purchase,67.06,Sample User
05/24/2026,05/25/2026,TST*BLUE DOOR CAFE 18 MAIN ST SPRINGFIELD 90011 CA USA,Blue Door Cafe,Restaurants,Purchase,18.88,Sample User
05/24/2026,05/26/2026,TST*BLUE DOOR CAFE 18 MAIN ST SPRINGFIELD 90011 CA USA,Blue Door Cafe,Restaurants,Purchase,24.27,Sample User
05/23/2026,05/24/2026,MEGAMART ONLINE 1 FULFILLMENT RD COMMERCE 98100 WA USA,MegaMart Online,Shopping,Purchase,66.35,Sample User
05/23/2026,05/25/2026,BURGER BARN 710 RANCH RD MESQUITE FLATS 85300 AZ USA,Burger Barn,Restaurants,Purchase,26.54,Sample User
05/22/2026,05/24/2026,CORNER GROCER 77 ELM ST SPRINGFIELD 90012 CA USA,Corner Grocer,Grocery,Purchase,40.13,Sample User
05/22/2026,05/23/2026,ROADSTAR FUEL 1500 HIGHWAY 9 SPRINGFIELD 90014 CA USA,Roadstar Fuel,Gas,Purchase,39.52,Sample User
05/21/2026,05/23/2026,GREENFIELD MARKET 1200 ORCHARD AVE SPRINGFIELD 90011 CA USA,Greenfield Market,Grocery,Purchase,108.00,Sample User
05/21/2026,05/22/2026,PIZZA PIAZZA 333 OAK AVE SPRINGFIELD 90011 CA USA,Pizza Piazza,Restaurants,Purchase,56.91,Sample User
05/20/2026,05/22/2026,GREENFIELD MARKET 1200 ORCHARD AVE SPRINGFIELD 90011 CA USA,Greenfield Market,Grocery,Purchase,134.26,Sample User
05/20/2026,05/22/2026,MEGAMART ONLINE 1 FULFILLMENT RD COMMERCE 98100 WA USA,MegaMart Online,Shopping,Purchase,44.75,Sample User
05/19/2026,05/20/2026,CORNER GROCER 77 ELM ST SPRINGFIELD 90012 CA USA,Corner Grocer,Grocery,Purchase,38.28,Sample User
05/18/2026,05/20/2026,TST*BLUE DOOR CAFE 18 MAIN ST SPRINGFIELD 90011 CA USA,Blue Door Cafe,Restaurants,Purchase,27.60,Sample User
05/18/2026,05/19/2026,FITPASS GYM 340 MUSCLE AVE SPRINGFIELD 90016 CA USA,FitPass Gym,Entertainment,Purchase,39.00,Sample User
05/17/2026,05/18/2026,GREENFIELD MARKET 1200 ORCHARD AVE SPRINGFIELD 90011 CA USA,Greenfield Market,Grocery,Purchase,135.17,Sample User
05/17/2026,05/19/2026,TST*NOODLE JUNCTION 901 CANAL ST SPRINGFIELD 90013 CA USA,Noodle Junction,Restaurants,Purchase,43.38,Sample User
05/16/2026,05/17/2026,SQ *COFFEE COLLECTIVE 61 STATION PLZ SPRINGFIELD 90012 CA USA,Coffee Collective,Restaurants,Purchase,14.23,Sample User
05/16/2026,05/18/2026,TST*NOODLE JUNCTION 901 CANAL ST SPRINGFIELD 90013 CA USA,Noodle Junction,Restaurants,Purchase,43.14,Sample User
05/15/2026,05/17/2026,VINE & BARREL 17 CELLAR ROW RIVERTON 90210 CA USA,Vine & Barrel,Alcohol,Purchase,31.01,Sample User
05/15/2026,05/17/2026,SUNRISE DINER 5 HARBOR RD BAYSIDE 90501 CA USA,Sunrise Diner,Restaurants,Purchase,47.21,Sample User
05/14/2026,05/15/2026,CORNER GROCER 77 ELM ST SPRINGFIELD 90012 CA USA,Corner Grocer,Grocery,Purchase,10.81,Sample User
05/13/2026,05/14/2026,SQ *COFFEE COLLECTIVE 61 STATION PLZ SPRINGFIELD 90012 CA USA,Coffee Collective,Restaurants,Purchase,7.88,Sample User
05/12/2026,05/14/2026,CORNER GROCER 77 ELM ST SPRINGFIELD 90012 CA USA,Corner Grocer,Grocery,Purchase,30.96,Sample User
05/12/2026,05/13/2026,CLOUDNOTE PRO 25 SAAS ST METROPOLIS 94108 CA USA,CloudNote Pro,Other,Purchase,9.99,Sample User
05/11/2026,05/12/2026,TST*BLUE DOOR CAFE 18 MAIN ST SPRINGFIELD 90011 CA USA,Blue Door Cafe,Restaurants,Purchase,9.28,Sample User
05/11/2026,05/13/2026,CITY PHARMACY 88 MAIN ST SPRINGFIELD 90011 CA USA,City Pharmacy,Medical,Purchase,43.74,Sample User
05/10/2026,05/11/2026,CITY RIDESHARE 400 TECH PARK DR METROPOLIS 94100 CA USA,City Rideshare,Transportation,Purchase,41.32,Sample User
05/10/2026,05/12/2026,TST*NOODLE JUNCTION 901 CANAL ST SPRINGFIELD 90013 CA USA,Noodle Junction,Restaurants,Purchase,51.34,Sample User
05/09/2026,05/11/2026,CITY BIKE SHARE 600 GREENWAY METROPOLIS 94102 CA USA,City Bike Share,Entertainment,Purchase,9.53,Sample User
05/09/2026,05/11/2026,ROADSTAR FUEL 1500 HIGHWAY 9 SPRINGFIELD 90014 CA USA,Roadstar Fuel,Gas,Purchase,62.45,Sample User
05/08/2026,05/10/2026,SQ *COFFEE COLLECTIVE 61 STATION PLZ SPRINGFIELD 90012 CA USA,Coffee Collective,Restaurants,Purchase,12.44,Sample User
05/08/2026,05/09/2026,GREENFIELD MARKET 1200 ORCHARD AVE SPRINGFIELD 90011 CA USA,Greenfield Market,Grocery,Purchase,15.46,Sample User
05/07/2026,05/08/2026,GREENFIELD MARKET 1200 ORCHARD AVE SPRINGFIELD 90011 CA USA,Greenfield Market,Grocery,Purchase,119.43,Sample User
05/06/2026,05/08/2026,CORNER GROCER 77 ELM ST SPRINGFIELD 90012 CA USA,Corner Grocer,Grocery,Purchase,16.20,Sample User
05/06/2026,05/08/2026,PARKING PLUS 450 GARAGE WAY METROPOLIS 94105 CA USA,Parking Plus,Other,Purchase,19.73,Sample User
05/05/2026,05/06/2026,GADGET DEPOT 512 CIRCUIT DR METROPOLIS 94103 CA USA,Gadget Depot,Shopping,Purchase,223.05,Sample User
05/05/2026,05/06/2026,STYLE OUTLET 78 FASHION SQ RIVERTON 90210 CA USA,Style Outlet,Shopping,Purchase,97.88,Sample User
05/05/2026,05/05/2026,GADGET DEPOT MONTHLY INSTALLMENT,Gadget Depot Installments,Installment,Installment,41.62,Sample User
05/05/2026,05/05/2026,ACH DEPOSIT INTERNET TRANSFER FROM ACCOUNT ENDING IN 1122,Ach Deposit Internet Transfer From Account Ending In 1122,Payment,Payment,-2110.00,Sample User
05/04/2026,05/06/2026,PARKING PLUS 450 GARAGE WAY METROPOLIS 94105 CA USA,Parking Plus,Other,Purchase,7.41,Sample User
05/04/2026,05/05/2026,CITY BIKE SHARE 600 GREENWAY METROPOLIS 94102 CA USA,City Bike Share,Entertainment,Purchase,10.30,Sample User
05/03/2026,05/04/2026,GREENFIELD MARKET 1200 ORCHARD AVE SPRINGFIELD 90011 CA USA,Greenfield Market,Grocery,Purchase,117.11,Sample User
05/03/2026,05/04/2026,HARVEST FOODS 450 MEADOW LN RIVERTON 90210 CA USA,Harvest Foods,Grocery,Purchase,106.82,Sample User
05/03/2026,05/04/2026,STREAMFLEX 500 MEDIA WAY METROPOLIS 94107 CA USA,StreamFlex,Entertainment,Purchase,15.99,Sample User
05/02/2026,05/04/2026,TST*NOODLE JUNCTION 901 CANAL ST SPRINGFIELD 90013 CA USA,Noodle Junction,Restaurants,Purchase,25.03,Sample User
05/02/2026,05/04/2026,TST*NOODLE JUNCTION 901 CANAL ST SPRINGFIELD 90013 CA USA,Noodle Junction,Restaurants,Purchase,27.34,Sample User
05/01/2026,05/02/2026,GREENFIELD MARKET 1200 ORCHARD AVE SPRINGFIELD 90011 CA USA,Greenfield Market,Grocery,Purchase,89.27,Sample User
04/30/2026,05/02/2026,TST*SUSHI GROVE 840 GARDEN WAY RIVERTON 90210 CA USA,Sushi Grove,Restaurants,Purchase,32.40,Sample User
04/29/2026,04/30/2026,SQ *COFFEE COLLECTIVE 61 STATION PLZ SPRINGFIELD 90012 CA USA,Coffee Collective,Restaurants,Purchase,7.67,Sample User
04/29/2026,04/30/2026,GREENFIELD MARKET 1200 ORCHARD AVE SPRINGFIELD 90011 CA USA,Greenfield Market,Grocery,Purchase,8.33,Sample User
04/28/2026,04/30/2026,TST*SUSHI GROVE 840 GARDEN WAY RIVERTON 90210 CA USA,Sushi Grove,Restaurants,Purchase,87.92,Sample User
04/28/2026,04/30/2026,CITY PHARMACY 88 MAIN ST SPRINGFIELD 90011 CA USA,City Pharmacy,Medical,Purchase,10.79,Sample User
04/27/2026,04/28/2026,GADGET DEPOT 512 CIRCUIT DR METROPOLIS 94103 CA USA,Gadget Depot,Shopping,Purchase,167.92,Sample User
04/26/2026,04/27/2026,SQ *COFFEE COLLECTIVE 61 STATION PLZ SPRINGFIELD 90012 CA USA,Coffee Collective,Restaurants,Purchase,12.29,Sample User
04/26/2026,04/27/2026,CITY RIDESHARE 400 TECH PARK DR METROPOLIS 94100 CA USA,City Rideshare,Transportation,Purchase,24.47,Sample User
04/25/2026,04/26/2026,ROADSTAR FUEL 1500 HIGHWAY 9 SPRINGFIELD 90014 CA USA,Roadstar Fuel,Gas,Purchase,29.53,Sample User
04/25/2026,04/26/2026,BURGER BARN 710 RANCH RD MESQUITE FLATS 85300 AZ USA,Burger Barn,Restaurants,Purchase,19.90,Sample User
04/24/2026,04/25/2026,CORNER GROCER 77 ELM ST SPRINGFIELD 90012 CA USA,Corner Grocer,Grocery,Purchase,19.20,Sample User
04/23/2026,04/24/2026,TST*BLUE DOOR CAFE 18 MAIN ST SPRINGFIELD 90011 CA USA,Blue Door Cafe,Restaurants,Purchase,35.67,Sample User
04/23/2026,04/25/2026,TST*SUSHI GROVE 840 GARDEN WAY RIVERTON 90210 CA USA,Sushi Grove,Restaurants,Purchase,80.90,Sample User
04/22/2026,04/24/2026,BURGER BARN 710 RANCH RD MESQUITE FLATS 85300 AZ USA,Burger Barn,Restaurants,Purchase,14.61,Sample User
04/21/2026,04/22/2026,CORNER GROCER 77 ELM ST SPRINGFIELD 90012 CA USA,Corner Grocer,Grocery,Purchase,18.66,Sample User
04/20/2026,04/22/2026,GREENFIELD MARKET 1200 ORCHARD AVE SPRINGFIELD 90011 CA USA,Greenfield Market,Grocery,Purchase,138.68,Sample User
04/19/2026,04/20/2026,TST*SUSHI GROVE 840 GARDEN WAY RIVERTON 90210 CA USA,Sushi Grove,Restaurants,Purchase,59.44,Sample User
04/19/2026,04/21/2026,GREENFIELD MARKET 1200 ORCHARD AVE SPRINGFIELD 90011 CA USA,Greenfield Market,Grocery,Purchase,128.64,Sample User
04/18/2026,04/20/2026,CITY BIKE SHARE 600 GREENWAY METROPOLIS 94102 CA USA,City Bike Share,Entertainment,Purchase,11.82,Sample User
04/18/2026,04/20/2026,METRO TRANSIT 1 TRANSIT WAY METROPOLIS 94101 CA USA,Metro Transit,Transportation,Purchase,11.75,Sample User
04/18/2026,04/19/2026,FITPASS GYM 340 MUSCLE AVE SPRINGFIELD 90016 CA USA,FitPass Gym,Entertainment,Purchase,39.00,Sample User
04/17/2026,04/18/2026,TACO VERDE 2400 SUNSET BLVD RIVERTON 90210 CA USA,Taco Verde,Restaurants,Purchase,33.11,Sample User
04/16/2026,04/18/2026,BURGER BARN 710 RANCH RD MESQUITE FLATS 85300 AZ USA,Burger Barn,Restaurants,Purchase,17.91,Sample User
04/16/2026,04/17/2026,PIZZA PIAZZA 333 OAK AVE SPRINGFIELD 90011 CA USA,Pizza Piazza,Restaurants,Purchase,34.81,Sample User
04/15/2026,04/17/2026,SUNRISE DINER 5 HARBOR RD BAYSIDE 90501 CA USA,Sunrise Diner,Restaurants,Purchase,24.93,Sample User
04/15/2026,04/17/2026,TST*BLUE DOOR CAFE 18 MAIN ST SPRINGFIELD 90011 CA USA,Blue Door Cafe,Restaurants,Purchase,34.97,Sample User
04/14/2026,04/16/2026,EXPRESS TOLL PO BOX 100 METROPOLIS 94106 CA USA,Express Toll,Tolls,Purchase,2.69,Sample User
04/13/2026,04/14/2026,TST*BLUE DOOR CAFE 18 MAIN ST SPRINGFIELD 90011 CA USA,Blue Door Cafe,Restaurants,Purchase,14.95,Sample User
04/13/2026,04/14/2026,CITY RIDESHARE 400 TECH PARK DR METROPOLIS 94100 CA USA,City Rideshare,Transportation,Purchase,31.09,Sample User
04/12/2026,04/13/2026,PARKING PLUS 450 GARAGE WAY METROPOLIS 94105 CA USA,Parking Plus,Other,Purchase,4.75,Sample User
04/12/2026,04/14/2026,TST*NOODLE JUNCTION 901 CANAL ST SPRINGFIELD 90013 CA USA,Noodle Junction,Restaurants,Purchase,16.61,Sample User
04/12/2026,04/13/2026,CLOUDNOTE PRO 25 SAAS ST METROPOLIS 94108 CA USA,CloudNote Pro,Other,Purchase,9.99,Sample User
04/11/2026,04/13/2026,CITY RIDESHARE 400 TECH PARK DR METROPOLIS 94100 CA USA,City Rideshare,Transportation,Purchase,13.34,Sample User
04/11/2026,04/12/2026,PARKING PLUS 450 GARAGE WAY METROPOLIS 94105 CA USA,Parking Plus,Other,Purchase,4.71,Sample User
04/11/2026,04/13/2026,TST*BLUE DOOR CAFE 18 MAIN ST SPRINGFIELD 90011 CA USA,Blue Door Cafe,Restaurants,Purchase,29.56,Sample User
04/10/2026,04/12/2026,CORNER GROCER 77 ELM ST SPRINGFIELD 90012 CA USA,Corner Grocer,Grocery,Purchase,30.83,Sample User
04/09/2026,04/11/2026,CITY PHARMACY 88 MAIN ST SPRINGFIELD 90011 CA USA,City Pharmacy,Medical,Purchase,27.40,Sample User
04/08/2026,04/09/2026,SQ *COFFEE COLLECTIVE 61 STATION PLZ SPRINGFIELD 90012 CA USA,Coffee Collective,Restaurants,Purchase,9.88,Sample User
04/08/2026,04/09/2026,GREENFIELD MARKET 1200 ORCHARD AVE SPRINGFIELD 90011 CA USA,Greenfield Market,Grocery,Purchase,37.02,Sample User
04/07/2026,04/08/2026,HARVEST FOODS 450 MEADOW LN RIVERTON 90210 CA USA,Harvest Foods,Grocery,Purchase,69.61,Sample User
04/06/2026,04/08/2026,ROADSTAR FUEL 1500 HIGHWAY 9 SPRINGFIELD 90014 CA USA,Roadstar Fuel,Gas,Purchase,35.57,Sample User
04/06/2026,04/08/2026,STYLE OUTLET 78 FASHION SQ RIVERTON 90210 CA USA,Style Outlet,Shopping,Purchase,65.71,Sample User
04/05/2026,04/07/2026,TST*BLUE DOOR CAFE 18 MAIN ST SPRINGFIELD 90011 CA USA,Blue Door Cafe,Restaurants,Purchase,7.69,Sample User
04/05/2026,04/07/2026,TST*BLUE DOOR CAFE 18 MAIN ST SPRINGFIELD 90011 CA USA,Blue Door Cafe,Restaurants,Purchase,19.68,Sample User
04/05/2026,04/05/2026,GADGET DEPOT MONTHLY INSTALLMENT,Gadget Depot Installments,Installment,Installment,41.62,Sample User
04/05/2026,04/05/2026,ACH DEPOSIT INTERNET TRANSFER FROM ACCOUNT ENDING IN 1122,Ach Deposit Internet Transfer From Account Ending In 1122,Payment,Payment,-1720.00,Sample User
04/04/2026,04/06/2026,TST*BLUE DOOR CAFE 18 MAIN ST SPRINGFIELD 90011 CA USA,Blue Door Cafe,Restaurants,Purchase,36.94,Sample User
04/04/2026,04/05/2026,METRO GAS 210 DEPOT ST RIVERTON 90210 CA USA,Metro Gas,Gas,Purchase,58.76,Sample User
04/03/2026,04/04/2026,HARVEST FOODS 450 MEADOW LN RIVERTON 90210 CA USA,Harvest Foods,Grocery,Purchase,104.23,Sample User
04/03/2026,04/04/2026,HARBORVIEW HOTEL 2 SEASIDE BLVD BAYSIDE 90501 CA USA,Harborview Hotel,Hotels,Purchase,243.38,Sample User
04/03/2026,04/04/2026,STREAMFLEX 500 MEDIA WAY METROPOLIS 94107 CA USA,StreamFlex,Entertainment,Purchase,15.99,Sample User
04/02/2026,04/03/2026,GREENFIELD MARKET 1200 ORCHARD AVE SPRINGFIELD 90011 CA USA,Greenfield Market,Grocery,Purchase,65.72,Sample User
04/01/2026,04/03/2026,TACO VERDE 2400 SUNSET BLVD RIVERTON 90210 CA USA,Taco Verde,Restaurants,Purchase,21.97,Sample User
04/01/2026,04/02/2026,MEGAMART ONLINE 1 FULFILLMENT RD COMMERCE 98100 WA USA,MegaMart Online,Shopping,Purchase,29.34,Sample User
03/31/2026,04/01/2026,TST*NOODLE JUNCTION 901 CANAL ST SPRINGFIELD 90013 CA USA,Noodle Junction,Restaurants,Purchase,47.34,Sample User
03/31/2026,04/02/2026,CITY RIDESHARE 400 TECH PARK DR METROPOLIS 94100 CA USA,City Rideshare,Transportation,Purchase,17.08,Sample User
03/30/2026,03/31/2026,TACO VERDE 2400 SUNSET BLVD RIVERTON 90210 CA USA,Taco Verde,Restaurants,Purchase,35.60,Sample User
03/30/2026,03/31/2026,TST*BLUE DOOR CAFE 18 MAIN ST SPRINGFIELD 90011 CA USA,Blue Door Cafe,Restaurants,Purchase,11.18,Sample User
03/29/2026,03/31/2026,SQ *COFFEE COLLECTIVE 61 STATION PLZ SPRINGFIELD 90012 CA USA,Coffee Collective,Restaurants,Purchase,6.85,Sample User
03/29/2026,03/31/2026,GREENFIELD MARKET 1200 ORCHARD AVE SPRINGFIELD 90011 CA USA,Greenfield Market,Grocery,Purchase,16.54,Sample User
03/28/2026,03/29/2026,HARVEST FOODS 450 MEADOW LN RIVERTON 90210 CA USA,Harvest Foods,Grocery,Purchase,94.09,Sample User
03/28/2026,03/29/2026,TST*BLUE DOOR CAFE 18 MAIN ST SPRINGFIELD 90011 CA USA,Blue Door Cafe,Restaurants,Purchase,30.70,Sample User
03/27/2026,03/29/2026,CITY RIDESHARE 400 TECH PARK DR METROPOLIS 94100 CA USA,City Rideshare,Transportation,Purchase,30.00,Sample User
03/26/2026,03/27/2026,TST*BLUE DOOR CAFE 18 MAIN ST SPRINGFIELD 90011 CA USA,Blue Door Cafe,Restaurants,Purchase,25.44,Sample User
03/25/2026,03/26/2026,GADGET DEPOT 512 CIRCUIT DR METROPOLIS 94103 CA USA,Gadget Depot,Shopping,Purchase,54.48,Sample User
03/25/2026,03/26/2026,METRO TRANSIT 1 TRANSIT WAY METROPOLIS 94101 CA USA,Metro Transit,Transportation,Purchase,4.90,Sample User
03/24/2026,03/26/2026,SUNRISE DINER 5 HARBOR RD BAYSIDE 90501 CA USA,Sunrise Diner,Restaurants,Purchase,29.78,Sample User
03/23/2026,03/25/2026,HARVEST FOODS 450 MEADOW LN RIVERTON 90210 CA USA,Harvest Foods,Grocery,Purchase,90.95,Sample User
03/22/2026,03/23/2026,HARVEST FOODS 450 MEADOW LN RIVERTON 90210 CA USA,Harvest Foods,Grocery,Purchase,34.79,Sample User
03/22/2026,03/24/2026,MEGAMART ONLINE 1 FULFILLMENT RD COMMERCE 98100 WA USA,MegaMart Online,Shopping,Purchase,50.35,Sample User
03/21/2026,03/22/2026,TST*BLUE DOOR CAFE 18 MAIN ST SPRINGFIELD 90011 CA USA,Blue Door Cafe,Restaurants,Purchase,29.90,Sample User
03/21/2026,03/22/2026,METRO TRANSIT 1 TRANSIT WAY METROPOLIS 94101 CA USA,Metro Transit,Transportation,Purchase,9.12,Sample User
03/20/2026,03/21/2026,GADGET DEPOT 512 CIRCUIT DR METROPOLIS 94103 CA USA,Gadget Depot,Shopping,Purchase,78.42,Sample User
03/20/2026,03/22/2026,SQ *COFFEE COLLECTIVE 61 STATION PLZ SPRINGFIELD 90012 CA USA,Coffee Collective,Restaurants,Purchase,9.00,Sample User
03/19/2026,03/20/2026,CORNER GROCER 77 ELM ST SPRINGFIELD 90012 CA USA,Corner Grocer,Grocery,Purchase,32.69,Sample User
03/18/2026,03/20/2026,TST*BLUE DOOR CAFE 18 MAIN ST SPRINGFIELD 90011 CA USA,Blue Door Cafe,Restaurants,Purchase,8.38,Sample User
03/18/2026,03/19/2026,FITPASS GYM 340 MUSCLE AVE SPRINGFIELD 90016 CA USA,FitPass Gym,Entertainment,Purchase,39.00,Sample User
03/17/2026,03/18/2026,SUNRISE DINER 5 HARBOR RD BAYSIDE 90501 CA USA,Sunrise Diner,Restaurants,Purchase,12.89,Sample User
03/17/2026,03/18/2026,ROADSTAR FUEL 1500 HIGHWAY 9 SPRINGFIELD 90014 CA USA,Roadstar Fuel,Gas,Purchase,29.54,Sample User
03/16/2026,03/18/2026,CORNER GROCER 77 ELM ST SPRINGFIELD 90012 CA USA,Corner Grocer,Grocery,Purchase,19.90,Sample User
03/16/2026,03/18/2026,CORNER GROCER 77 ELM ST SPRINGFIELD 90012 CA USA,Corner Grocer,Grocery,Purchase,26.73,Sample User
03/15/2026,03/17/2026,GREENFIELD MARKET 1200 ORCHARD AVE SPRINGFIELD 90011 CA USA,Greenfield Market,Grocery,Purchase,37.16,Sample User
03/15/2026,03/17/2026,PARKING PLUS 450 GARAGE WAY METROPOLIS 94105 CA USA,Parking Plus,Other,Purchase,22.57,Sample User
03/14/2026,03/16/2026,SQ *COFFEE COLLECTIVE 61 STATION PLZ SPRINGFIELD 90012 CA USA,Coffee Collective,Restaurants,Purchase,5.15,Sample User
03/14/2026,03/16/2026,MEGAMART ONLINE 1 FULFILLMENT RD COMMERCE 98100 WA USA,MegaMart Online,Shopping,Purchase,65.49,Sample User
03/13/2026,03/15/2026,SQ *COFFEE COLLECTIVE 61 STATION PLZ SPRINGFIELD 90012 CA USA,Coffee Collective,Restaurants,Purchase,14.63,Sample User
03/13/2026,03/14/2026,PIZZA PIAZZA 333 OAK AVE SPRINGFIELD 90011 CA USA,Pizza Piazza,Restaurants,Purchase,37.55,Sample User
03/12/2026,03/13/2026,PIZZA PIAZZA 333 OAK AVE SPRINGFIELD 90011 CA USA,Pizza Piazza,Restaurants,Purchase,29.09,Sample User
03/12/2026,03/14/2026,TACO VERDE 2400 SUNSET BLVD RIVERTON 90210 CA USA,Taco Verde,Restaurants,Purchase,9.99,Sample User
03/12/2026,03/13/2026,CLOUDNOTE PRO 25 SAAS ST METROPOLIS 94108 CA USA,CloudNote Pro,Other,Purchase,9.99,Sample User
03/11/2026,03/12/2026,CORNER GROCER 77 ELM ST SPRINGFIELD 90012 CA USA,Corner Grocer,Grocery,Purchase,39.07,Sample User
03/10/2026,03/11/2026,CORNER GROCER 77 ELM ST SPRINGFIELD 90012 CA USA,Corner Grocer,Grocery,Purchase,27.03,Sample User
03/09/2026,03/10/2026,CITY RIDESHARE 400 TECH PARK DR METROPOLIS 94100 CA USA,City Rideshare,Transportation,Purchase,30.52,Sample User
03/09/2026,03/10/2026,BURGER BARN 710 RANCH RD MESQUITE FLATS 85300 AZ USA,Burger Barn,Restaurants,Purchase,8.44,Sample User
03/08/2026,03/10/2026,TST*BLUE DOOR CAFE 18 MAIN ST SPRINGFIELD 90011 CA USA,Blue Door Cafe,Restaurants,Purchase,20.12,Sample User
03/08/2026,03/09/2026,GREENFIELD MARKET 1200 ORCHARD AVE SPRINGFIELD 90011 CA USA,Greenfield Market,Grocery,Purchase,19.01,Sample User
03/08/2026,03/09/2026,GREENFIELD MARKET 1200 ORCHARD AVE SPRINGFIELD 90011 CA USA,Greenfield Market,Grocery,Purchase,30.06,Sample User
03/07/2026,03/08/2026,TACO VERDE 2400 SUNSET BLVD RIVERTON 90210 CA USA,Taco Verde,Restaurants,Purchase,37.79,Sample User
03/07/2026,03/09/2026,EXPRESS TOLL PO BOX 100 METROPOLIS 94106 CA USA,Express Toll,Tolls,Purchase,12.57,Sample User
03/07/2026,03/09/2026,HARVEST FOODS 450 MEADOW LN RIVERTON 90210 CA USA,Harvest Foods,Grocery,Purchase,55.37,Sample User
03/06/2026,03/08/2026,TST*BLUE DOOR CAFE 18 MAIN ST SPRINGFIELD 90011 CA USA,Blue Door Cafe,Restaurants,Purchase,29.23,Sample User
03/06/2026,03/07/2026,MEGAMART ONLINE 1 FULFILLMENT RD COMMERCE 98100 WA USA,MegaMart Online,Shopping,Purchase,67.86,Sample User
03/05/2026,03/06/2026,CORNER GROCER 77 ELM ST SPRINGFIELD 90012 CA USA,Corner Grocer,Grocery,Purchase,36.21,Sample User
03/05/2026,03/05/2026,GADGET DEPOT MONTHLY INSTALLMENT,Gadget Depot Installments,Installment,Installment,41.62,Sample User
03/05/2026,03/05/2026,ACH DEPOSIT INTERNET TRANSFER FROM ACCOUNT ENDING IN 1122,Ach Deposit Internet Transfer From Account Ending In 1122,Payment,Payment,-1950.00,Sample User
03/04/2026,03/06/2026,SQ *COFFEE COLLECTIVE 61 STATION PLZ SPRINGFIELD 90012 CA USA,Coffee Collective,Restaurants,Purchase,5.99,Sample User
03/03/2026,03/04/2026,MEGAMART ONLINE 1 FULFILLMENT RD COMMERCE 98100 WA USA,MegaMart Online,Shopping,Purchase,55.05,Sample User
03/03/2026,03/04/2026,STREAMFLEX 500 MEDIA WAY METROPOLIS 94107 CA USA,StreamFlex,Entertainment,Purchase,15.99,Sample User
03/02/2026,03/03/2026,CITY PHARMACY 88 MAIN ST SPRINGFIELD 90011 CA USA,City Pharmacy,Medical,Purchase,7.53,Sample User
03/01/2026,03/02/2026,SQ *COFFEE COLLECTIVE 61 STATION PLZ SPRINGFIELD 90012 CA USA,Coffee Collective,Restaurants,Purchase,4.54,Sample User
03/01/2026,03/03/2026,GREENFIELD MARKET 1200 ORCHARD AVE SPRINGFIELD 90011 CA USA,Greenfield Market,Grocery,Purchase,104.13,Sample User
03/01/2026,03/03/2026,PARKING PLUS 450 GARAGE WAY METROPOLIS 94105 CA USA,Parking Plus,Other,Purchase,10.92,Sample User
02/28/2026,03/01/2026,GREENFIELD MARKET 1200 ORCHARD AVE SPRINGFIELD 90011 CA USA,Greenfield Market,Grocery,Purchase,99.27,Sample User
02/28/2026,03/01/2026,GREENFIELD MARKET 1200 ORCHARD AVE SPRINGFIELD 90011 CA USA,Greenfield Market,Grocery,Purchase,120.93,Sample User
02/27/2026,03/01/2026,STYLE OUTLET 78 FASHION SQ RIVERTON 90210 CA USA,Style Outlet,Shopping,Purchase,72.32,Sample User
02/27/2026,02/28/2026,MEGAMART ONLINE 1 FULFILLMENT RD COMMERCE 98100 WA USA,MegaMart Online,Credit,Credit,-61.88,Sample User
02/26/2026,02/28/2026,SUNRISE DINER 5 HARBOR RD BAYSIDE 90501 CA USA,Sunrise Diner,Restaurants,Purchase,34.71,Sample User
02/26/2026,02/27/2026,TST*SUSHI GROVE 840 GARDEN WAY RIVERTON 90210 CA USA,Sushi Grove,Restaurants,Purchase,22.54,Sample User
02/25/2026,02/26/2026,SQ *COFFEE COLLECTIVE 61 STATION PLZ SPRINGFIELD 90012 CA USA,Coffee Collective,Restaurants,Purchase,12.25,Sample User
02/24/2026,02/25/2026,TST*SUSHI GROVE 840 GARDEN WAY RIVERTON 90210 CA USA,Sushi Grove,Restaurants,Purchase,34.52,Sample User
02/23/2026,02/25/2026,HARVEST FOODS 450 MEADOW LN RIVERTON 90210 CA USA,Harvest Foods,Grocery,Purchase,65.26,Sample User
02/22/2026,02/24/2026,TACO VERDE 2400 SUNSET BLVD RIVERTON 90210 CA USA,Taco Verde,Restaurants,Purchase,16.72,Sample User
02/22/2026,02/23/2026,MEGAMART ONLINE 1 FULFILLMENT RD COMMERCE 98100 WA USA,MegaMart Online,Shopping,Purchase,110.91,Sample User
02/21/2026,02/22/2026,SUNRISE DINER 5 HARBOR RD BAYSIDE 90501 CA USA,Sunrise Diner,Restaurants,Purchase,41.32,Sample User
02/21/2026,02/22/2026,PARKING PLUS 450 GARAGE WAY METROPOLIS 94105 CA USA,Parking Plus,Other,Purchase,11.45,Sample User
02/20/2026,02/21/2026,SQ *COFFEE COLLECTIVE 61 STATION PLZ SPRINGFIELD 90012 CA USA,Coffee Collective,Restaurants,Purchase,8.56,Sample User
02/19/2026,02/20/2026,TACO VERDE 2400 SUNSET BLVD RIVERTON 90210 CA USA,Taco Verde,Restaurants,Purchase,14.98,Sample User
02/18/2026,02/19/2026,MEGAMART ONLINE 1 FULFILLMENT RD COMMERCE 98100 WA USA,MegaMart Online,Shopping,Purchase,39.53,Sample User
02/18/2026,02/20/2026,TST*BLUE DOOR CAFE 18 MAIN ST SPRINGFIELD 90011 CA USA,Blue Door Cafe,Restaurants,Purchase,26.17,Sample User
02/18/2026,02/19/2026,FITPASS GYM 340 MUSCLE AVE SPRINGFIELD 90016 CA USA,FitPass Gym,Entertainment,Purchase,39.00,Sample User
02/17/2026,02/19/2026,CITY RIDESHARE 400 TECH PARK DR METROPOLIS 94100 CA USA,City Rideshare,Transportation,Purchase,25.61,Sample User
02/16/2026,02/17/2026,TST*NOODLE JUNCTION 901 CANAL ST SPRINGFIELD 90013 CA USA,Noodle Junction,Restaurants,Purchase,16.14,Sample User
02/15/2026,02/16/2026,QUICK PRINT SHOP 12 COPY LN SPRINGFIELD 90012 CA USA,Quick Print Shop,Other,Purchase,18.70,Sample User
02/15/2026,02/17/2026,ROADSTAR FUEL 1500 HIGHWAY 9 SPRINGFIELD 90014 CA USA,Roadstar Fuel,Gas,Purchase,33.30,Sample User
02/14/2026,02/16/2026,MEGAMART ONLINE 1 FULFILLMENT RD COMMERCE 98100 WA USA,MegaMart Online,Shopping,Purchase,136.16,Sample User
02/14/2026,02/15/2026,HARVEST FOODS 450 MEADOW LN RIVERTON 90210 CA USA,Harvest Foods,Grocery,Purchase,102.04,Sample User
02/13/2026,02/14/2026,TST*BLUE DOOR CAFE 18 MAIN ST SPRINGFIELD 90011 CA USA,Blue Door Cafe,Restaurants,Purchase,14.42,Sample User
02/13/2026,02/14/2026,TST*SUSHI GROVE 840 GARDEN WAY RIVERTON 90210 CA USA,Sushi Grove,Restaurants,Purchase,61.28,Sample User
02/12/2026,02/14/2026,TST*NOODLE JUNCTION 901 CANAL ST SPRINGFIELD 90013 CA USA,Noodle Junction,Restaurants,Purchase,47.75,Sample User
02/12/2026,02/13/2026,CLOUDNOTE PRO 25 SAAS ST METROPOLIS 94108 CA USA,CloudNote Pro,Other,Purchase,9.99,Sample User
02/11/2026,02/12/2026,GREENFIELD MARKET 1200 ORCHARD AVE SPRINGFIELD 90011 CA USA,Greenfield Market,Grocery,Purchase,36.46,Sample User
02/10/2026,02/12/2026,TST*BLUE DOOR CAFE 18 MAIN ST SPRINGFIELD 90011 CA USA,Blue Door Cafe,Restaurants,Purchase,9.86,Sample User
02/10/2026,02/11/2026,PARKING PLUS 450 GARAGE WAY METROPOLIS 94105 CA USA,Parking Plus,Other,Purchase,19.61,Sample User
02/09/2026,02/10/2026,PIZZA PIAZZA 333 OAK AVE SPRINGFIELD 90011 CA USA,Pizza Piazza,Restaurants,Purchase,35.38,Sample User
02/08/2026,02/10/2026,TACO VERDE 2400 SUNSET BLVD RIVERTON 90210 CA USA,Taco Verde,Restaurants,Purchase,9.35,Sample User
02/08/2026,02/09/2026,CITY BIKE SHARE 600 GREENWAY METROPOLIS 94102 CA USA,City Bike Share,Entertainment,Purchase,8.90,Sample User
02/07/2026,02/08/2026,GREENFIELD MARKET 1200 ORCHARD AVE SPRINGFIELD 90011 CA USA,Greenfield Market,Grocery,Purchase,110.22,Sample User
02/07/2026,02/09/2026,VINE & BARREL 17 CELLAR ROW RIVERTON 90210 CA USA,Vine & Barrel,Alcohol,Purchase,37.05,Sample User
02/06/2026,02/07/2026,GADGET DEPOT 512 CIRCUIT DR METROPOLIS 94103 CA USA,Gadget Depot,Shopping,Purchase,42.28,Sample User
02/05/2026,02/06/2026,CORNER GROCER 77 ELM ST SPRINGFIELD 90012 CA USA,Corner Grocer,Grocery,Purchase,40.87,Sample User
02/05/2026,02/05/2026,GADGET DEPOT MONTHLY INSTALLMENT,Gadget Depot Installments,Installment,Installment,41.62,Sample User
02/05/2026,02/05/2026,ACH DEPOSIT INTERNET TRANSFER FROM ACCOUNT ENDING IN 1122,Ach Deposit Internet Transfer From Account Ending In 1122,Payment,Payment,-2090.00,Sample User
02/04/2026,02/06/2026,TST*NOODLE JUNCTION 901 CANAL ST SPRINGFIELD 90013 CA USA,Noodle Junction,Restaurants,Purchase,50.32,Sample User
02/03/2026,02/04/2026,MEGAMART ONLINE 1 FULFILLMENT RD COMMERCE 98100 WA USA,MegaMart Online,Shopping,Purchase,47.99,Sample User
02/03/2026,02/04/2026,STREAMFLEX 500 MEDIA WAY METROPOLIS 94107 CA USA,StreamFlex,Entertainment,Purchase,15.99,Sample User
02/02/2026,02/04/2026,BLUE SKY AIRLINES 200 AIRPORT LOOP MESQUITE FLATS 85301 AZ USA,Blue Sky Airlines,Airlines,Purchase,155.79,Sample User
02/02/2026,02/03/2026,QUICK PRINT SHOP 12 COPY LN SPRINGFIELD 90012 CA USA,Quick Print Shop,Other,Purchase,8.10,Sample User
02/01/2026,02/03/2026,TST*BLUE DOOR CAFE 18 MAIN ST SPRINGFIELD 90011 CA USA,Blue Door Cafe,Restaurants,Purchase,11.66,Sample User
02/01/2026,02/02/2026,GADGET DEPOT 512 CIRCUIT DR METROPOLIS 94103 CA USA,Gadget Depot,Shopping,Purchase,70.58,Sample User
01/31/2026,02/02/2026,FUN ZONE ARCADE 22 PIER AVE BAYSIDE 90501 CA USA,Fun Zone Arcade,Entertainment,Purchase,51.77,Sample User
01/31/2026,02/01/2026,TACO VERDE 2400 SUNSET BLVD RIVERTON 90210 CA USA,Taco Verde,Restaurants,Purchase,14.84,Sample User
01/30/2026,02/01/2026,CINEMA PLAZA 95 PROMENADE SPRINGFIELD 90011 CA USA,Cinema Plaza,Entertainment,Purchase,18.00,Sample User
01/29/2026,01/30/2026,SUNRISE DINER 5 HARBOR RD BAYSIDE 90501 CA USA,Sunrise Diner,Restaurants,Purchase,34.15,Sample User
01/28/2026,01/30/2026,CITY RIDESHARE 400 TECH PARK DR METROPOLIS 94100 CA USA,City Rideshare,Transportation,Purchase,27.28,Sample User
01/28/2026,01/30/2026,TST*BLUE DOOR CAFE 18 MAIN ST SPRINGFIELD 90011 CA USA,Blue Door Cafe,Restaurants,Purchase,21.25,Sample User
01/27/2026,01/28/2026,SUNRISE DINER 5 HARBOR RD BAYSIDE 90501 CA USA,Sunrise Diner,Restaurants,Purchase,38.58,Sample User
01/26/2026,01/28/2026,HARVEST FOODS 450 MEADOW LN RIVERTON 90210 CA USA,Harvest Foods,Grocery,Purchase,62.44,Sample User
01/25/2026,01/27/2026,MEGAMART ONLINE 1 FULFILLMENT RD COMMERCE 98100 WA USA,MegaMart Online,Shopping,Purchase,143.85,Sample User
01/25/2026,01/26/2026,CORNER GROCER 77 ELM ST SPRINGFIELD 90012 CA USA,Corner Grocer,Grocery,Purchase,34.28,Sample User
01/24/2026,01/25/2026,PARKING PLUS 450 GARAGE WAY METROPOLIS 94105 CA USA,Parking Plus,Other,Purchase,16.38,Sample User
01/24/2026,01/26/2026,DOWNTOWN CLINIC 30 WELLNESS CT SPRINGFIELD 90015 CA USA,Downtown Clinic,Medical,Purchase,68.69,Sample User
01/23/2026,01/24/2026,CORNER GROCER 77 ELM ST SPRINGFIELD 90012 CA USA,Corner Grocer,Grocery,Purchase,17.75,Sample User
01/22/2026,01/23/2026,TST*NOODLE JUNCTION 901 CANAL ST SPRINGFIELD 90013 CA USA,Noodle Junction,Restaurants,Purchase,43.98,Sample User
01/21/2026,01/23/2026,METRO TRANSIT 1 TRANSIT WAY METROPOLIS 94101 CA USA,Metro Transit,Transportation,Purchase,9.34,Sample User
01/20/2026,01/21/2026,CITY RIDESHARE 400 TECH PARK DR METROPOLIS 94100 CA USA,City Rideshare,Transportation,Purchase,39.36,Sample User
01/20/2026,01/21/2026,CITY RIDESHARE 400 TECH PARK DR METROPOLIS 94100 CA USA,City Rideshare,Transportation,Purchase,19.04,Sample User
01/19/2026,01/21/2026,MEGAMART ONLINE 1 FULFILLMENT RD COMMERCE 98100 WA USA,MegaMart Online,Shopping,Purchase,100.95,Sample User
01/18/2026,01/20/2026,CITY BIKE SHARE 600 GREENWAY METROPOLIS 94102 CA USA,City Bike Share,Entertainment,Purchase,15.53,Sample User
01/18/2026,01/19/2026,GADGET DEPOT 512 CIRCUIT DR METROPOLIS 94103 CA USA,Gadget Depot,Shopping,Purchase,188.09,Sample User
01/18/2026,01/19/2026,FITPASS GYM 340 MUSCLE AVE SPRINGFIELD 90016 CA USA,FitPass Gym,Entertainment,Purchase,39.00,Sample User
01/17/2026,01/19/2026,HARVEST FOODS 450 MEADOW LN RIVERTON 90210 CA USA,Harvest Foods,Grocery,Purchase,107.24,Sample User
01/17/2026,01/19/2026,HARVEST FOODS 450 MEADOW LN RIVERTON 90210 CA USA,Harvest Foods,Grocery,Purchase,67.13,Sample User
01/16/2026,01/17/2026,GREENFIELD MARKET 1200 ORCHARD AVE SPRINGFIELD 90011 CA USA,Greenfield Market,Grocery,Purchase,35.33,Sample User
01/15/2026,01/16/2026,TST*BLUE DOOR CAFE 18 MAIN ST SPRINGFIELD 90011 CA USA,Blue Door Cafe,Restaurants,Purchase,21.75,Sample User
01/15/2026,01/16/2026,GREENFIELD MARKET 1200 ORCHARD AVE SPRINGFIELD 90011 CA USA,Greenfield Market,Grocery,Purchase,18.54,Sample User
01/15/2026,01/16/2026,SUMMIT LODGE 9000 ALPINE RD SUMMIT VALE 80400 CO USA,Summit Lodge,Credit,Credit,-174.66,Sample User
01/14/2026,01/15/2026,MEGAMART ONLINE 1 FULFILLMENT RD COMMERCE 98100 WA USA,MegaMart Online,Shopping,Purchase,101.47,Sample User
01/13/2026,01/15/2026,CORNER GROCER 77 ELM ST SPRINGFIELD 90012 CA USA,Corner Grocer,Grocery,Purchase,20.84,Sample User
01/12/2026,01/14/2026,TST*BLUE DOOR CAFE 18 MAIN ST SPRINGFIELD 90011 CA USA,Blue Door Cafe,Restaurants,Purchase,37.27,Sample User
01/12/2026,01/13/2026,CLOUDNOTE PRO 25 SAAS ST METROPOLIS 94108 CA USA,CloudNote Pro,Other,Purchase,9.99,Sample User
01/11/2026,01/13/2026,BURGER BARN 710 RANCH RD MESQUITE FLATS 85300 AZ USA,Burger Barn,Restaurants,Purchase,8.38,Sample User
01/11/2026,01/13/2026,GREENFIELD MARKET 1200 ORCHARD AVE SPRINGFIELD 90011 CA USA,Greenfield Market,Grocery,Purchase,33.45,Sample User
01/10/2026,01/12/2026,GADGET DEPOT 512 CIRCUIT DR METROPOLIS 94103 CA USA,Gadget Depot,Shopping,Purchase,69.49,Sample User
01/10/2026,01/11/2026,GREENFIELD MARKET 1200 ORCHARD AVE SPRINGFIELD 90011 CA USA,Greenfield Market,Grocery,Purchase,68.74,Sample User
01/09/2026,01/10/2026,GREENFIELD MARKET 1200 ORCHARD AVE SPRINGFIELD 90011 CA USA,Greenfield Market,Grocery,Purchase,31.80,Sample User
01/09/2026,01/11/2026,TACO VERDE 2400 SUNSET BLVD RIVERTON 90210 CA USA,Taco Verde,Restaurants,Purchase,17.47,Sample User
01/08/2026,01/10/2026,TST*NOODLE JUNCTION 901 CANAL ST SPRINGFIELD 90013 CA USA,Noodle Junction,Restaurants,Purchase,16.08,Sample User
01/08/2026,01/09/2026,GREENFIELD MARKET 1200 ORCHARD AVE SPRINGFIELD 90011 CA USA,Greenfield Market,Grocery,Purchase,92.28,Sample User
01/08/2026,01/09/2026,HARBORVIEW HOTEL 2 SEASIDE BLVD BAYSIDE 90501 CA USA,Harborview Hotel,Credit,Credit,-140.84,Sample User
01/07/2026,01/09/2026,GREENFIELD MARKET 1200 ORCHARD AVE SPRINGFIELD 90011 CA USA,Greenfield Market,Grocery,Purchase,93.74,Sample User
01/06/2026,01/08/2026,SQ *COFFEE COLLECTIVE 61 STATION PLZ SPRINGFIELD 90012 CA USA,Coffee Collective,Restaurants,Purchase,8.45,Sample User
01/06/2026,01/07/2026,STYLE OUTLET 78 FASHION SQ RIVERTON 90210 CA USA,Style Outlet,Credit,Credit,-62.40,Sample User
01/05/2026,01/07/2026,CITY RIDESHARE 400 TECH PARK DR METROPOLIS 94100 CA USA,City Rideshare,Transportation,Purchase,26.90,Sample User
01/05/2026,01/07/2026,PIZZA PIAZZA 333 OAK AVE SPRINGFIELD 90011 CA USA,Pizza Piazza,Restaurants,Purchase,32.87,Sample User
01/05/2026,01/05/2026,GADGET DEPOT MONTHLY INSTALLMENT,Gadget Depot Installments,Installment,Installment,41.62,Sample User
01/05/2026,01/05/2026,ACH DEPOSIT INTERNET TRANSFER FROM ACCOUNT ENDING IN 1122,Ach Deposit Internet Transfer From Account Ending In 1122,Payment,Payment,-2000.00,Sample User
01/04/2026,01/05/2026,CINEMA PLAZA 95 PROMENADE SPRINGFIELD 90011 CA USA,Cinema Plaza,Entertainment,Purchase,21.26,Sample User
01/04/2026,01/06/2026,METRO TRANSIT 1 TRANSIT WAY METROPOLIS 94101 CA USA,Metro Transit,Transportation,Purchase,8.22,Sample User
01/03/2026,01/05/2026,HARVEST FOODS 450 MEADOW LN RIVERTON 90210 CA USA,Harvest Foods,Grocery,Purchase,34.17,Sample User
01/03/2026,01/04/2026,BURGER BARN 710 RANCH RD MESQUITE FLATS 85300 AZ USA,Burger Barn,Restaurants,Purchase,26.83,Sample User
01/03/2026,01/04/2026,STREAMFLEX 500 MEDIA WAY METROPOLIS 94107 CA USA,StreamFlex,Entertainment,Purchase,15.99,Sample User
01/02/2026,01/03/2026,SUNRISE DINER 5 HARBOR RD BAYSIDE 90501 CA USA,Sunrise Diner,Restaurants,Purchase,45.96,Sample User
01/01/2026,01/03/2026,CITY RIDESHARE 400 TECH PARK DR METROPOLIS 94100 CA USA,City Rideshare,Transportation,Purchase,18.36,Sample User
12/31/2025,01/02/2026,CITY BIKE SHARE 600 GREENWAY METROPOLIS 94102 CA USA,City Bike Share,Entertainment,Purchase,6.77,Sample User
12/30/2025,01/01/2026,MEGAMART ONLINE 1 FULFILLMENT RD COMMERCE 98100 WA USA,MegaMart Online,Shopping,Purchase,33.93,Sample User
12/29/2025,12/30/2025,TACO VERDE 2400 SUNSET BLVD RIVERTON 90210 CA USA,Taco Verde,Restaurants,Purchase,14.21,Sample User
12/28/2025,12/30/2025,HARBORVIEW HOTEL 2 SEASIDE BLVD BAYSIDE 90501 CA USA,Harborview Hotel,Hotels,Purchase,151.12,Sample User
12/28/2025,12/29/2025,CITY RIDESHARE 400 TECH PARK DR METROPOLIS 94100 CA USA,City Rideshare,Transportation,Purchase,15.78,Sample User
12/27/2025,12/28/2025,TST*BLUE DOOR CAFE 18 MAIN ST SPRINGFIELD 90011 CA USA,Blue Door Cafe,Restaurants,Purchase,24.79,Sample User
12/27/2025,12/29/2025,MEGAMART ONLINE 1 FULFILLMENT RD COMMERCE 98100 WA USA,MegaMart Online,Shopping,Purchase,86.64,Sample User
12/26/2025,12/27/2025,PIZZA PIAZZA 333 OAK AVE SPRINGFIELD 90011 CA USA,Pizza Piazza,Restaurants,Purchase,47.11,Sample User
12/25/2025,12/27/2025,CORNER GROCER 77 ELM ST SPRINGFIELD 90012 CA USA,Corner Grocer,Grocery,Purchase,43.70,Sample User
12/24/2025,12/25/2025,QUICK PRINT SHOP 12 COPY LN SPRINGFIELD 90012 CA USA,Quick Print Shop,Other,Purchase,29.48,Sample User
12/23/2025,12/24/2025,GREENFIELD MARKET 1200 ORCHARD AVE SPRINGFIELD 90011 CA USA,Greenfield Market,Grocery,Purchase,131.32,Sample User
12/22/2025,12/23/2025,METRO GAS 210 DEPOT ST RIVERTON 90210 CA USA,Metro Gas,Gas,Purchase,48.10,Sample User
12/21/2025,12/22/2025,HARBORVIEW HOTEL 2 SEASIDE BLVD BAYSIDE 90501 CA USA,Harborview Hotel,Hotels,Purchase,391.28,Sample User
12/21/2025,12/22/2025,TST*BLUE DOOR CAFE 18 MAIN ST SPRINGFIELD 90011 CA USA,Blue Door Cafe,Restaurants,Purchase,25.59,Sample User
12/20/2025,12/22/2025,SQ *COFFEE COLLECTIVE 61 STATION PLZ SPRINGFIELD 90012 CA USA,Coffee Collective,Restaurants,Purchase,12.19,Sample User
12/20/2025,12/22/2025,SQ *COFFEE COLLECTIVE 61 STATION PLZ SPRINGFIELD 90012 CA USA,Coffee Collective,Restaurants,Purchase,15.12,Sample User
12/19/2025,12/20/2025,METRO TRANSIT 1 TRANSIT WAY METROPOLIS 94101 CA USA,Metro Transit,Transportation,Purchase,6.57,Sample User
12/19/2025,12/21/2025,BURGER BARN 710 RANCH RD MESQUITE FLATS 85300 AZ USA,Burger Barn,Restaurants,Purchase,23.75,Sample User
12/18/2025,12/19/2025,GREENFIELD MARKET 1200 ORCHARD AVE SPRINGFIELD 90011 CA USA,Greenfield Market,Grocery,Purchase,50.00,Sample User
12/18/2025,12/19/2025,FITPASS GYM 340 MUSCLE AVE SPRINGFIELD 90016 CA USA,FitPass Gym,Entertainment,Purchase,39.00,Sample User
12/17/2025,12/18/2025,TST*BLUE DOOR CAFE 18 MAIN ST SPRINGFIELD 90011 CA USA,Blue Door Cafe,Restaurants,Purchase,22.07,Sample User
12/16/2025,12/18/2025,DOWNTOWN CLINIC 30 WELLNESS CT SPRINGFIELD 90015 CA USA,Downtown Clinic,Medical,Purchase,124.83,Sample User
12/15/2025,12/16/2025,TACO VERDE 2400 SUNSET BLVD RIVERTON 90210 CA USA,Taco Verde,Restaurants,Purchase,29.59,Sample User
12/14/2025,12/16/2025,MEGAMART ONLINE 1 FULFILLMENT RD COMMERCE 98100 WA USA,MegaMart Online,Shopping,Purchase,27.66,Sample User
12/14/2025,12/16/2025,TST*SUSHI GROVE 840 GARDEN WAY RIVERTON 90210 CA USA,Sushi Grove,Restaurants,Purchase,61.52,Sample User
12/13/2025,12/15/2025,CITY RIDESHARE 400 TECH PARK DR METROPOLIS 94100 CA USA,City Rideshare,Transportation,Purchase,15.70,Sample User
12/13/2025,12/15/2025,TST*NOODLE JUNCTION 901 CANAL ST SPRINGFIELD 90013 CA USA,Noodle Junction,Restaurants,Purchase,38.39,Sample User
12/12/2025,12/14/2025,TST*NOODLE JUNCTION 901 CANAL ST SPRINGFIELD 90013 CA USA,Noodle Junction,Restaurants,Purchase,24.37,Sample User
12/12/2025,12/13/2025,CLOUDNOTE PRO 25 SAAS ST METROPOLIS 94108 CA USA,CloudNote Pro,Other,Purchase,9.99,Sample User
12/11/2025,12/12/2025,TST*BLUE DOOR CAFE 18 MAIN ST SPRINGFIELD 90011 CA USA,Blue Door Cafe,Restaurants,Purchase,33.60,Sample User
12/10/2025,12/11/2025,TST*SUSHI GROVE 840 GARDEN WAY RIVERTON 90210 CA USA,Sushi Grove,Restaurants,Purchase,91.16,Sample User
12/09/2025,12/11/2025,CITY RIDESHARE 400 TECH PARK DR METROPOLIS 94100 CA USA,City Rideshare,Transportation,Purchase,18.26,Sample User
12/09/2025,12/11/2025,CORNER GROCER 77 ELM ST SPRINGFIELD 90012 CA USA,Corner Grocer,Grocery,Purchase,36.55,Sample User
12/08/2025,12/09/2025,PARKING PLUS 450 GARAGE WAY METROPOLIS 94105 CA USA,Parking Plus,Other,Purchase,4.58,Sample User
12/07/2025,12/08/2025,MEGAMART ONLINE 1 FULFILLMENT RD COMMERCE 98100 WA USA,MegaMart Online,Shopping,Purchase,46.00,Sample User
12/06/2025,12/08/2025,BURGER BARN 710 RANCH RD MESQUITE FLATS 85300 AZ USA,Burger Barn,Restaurants,Purchase,21.08,Sample User
12/06/2025,12/07/2025,SUNRISE DINER 5 HARBOR RD BAYSIDE 90501 CA USA,Sunrise Diner,Restaurants,Purchase,23.22,Sample User
12/05/2025,12/06/2025,CITY RIDESHARE 400 TECH PARK DR METROPOLIS 94100 CA USA,City Rideshare,Transportation,Purchase,39.85,Sample User
12/05/2025,12/05/2025,GADGET DEPOT MONTHLY INSTALLMENT,Gadget Depot Installments,Installment,Installment,41.62,Sample User
12/05/2025,12/05/2025,ACH DEPOSIT INTERNET TRANSFER FROM ACCOUNT ENDING IN 1122,Ach Deposit Internet Transfer From Account Ending In 1122,Payment,Payment,-1310.00,Sample User
12/04/2025,12/05/2025,SUNRISE DINER 5 HARBOR RD BAYSIDE 90501 CA USA,Sunrise Diner,Restaurants,Purchase,35.76,Sample User
12/03/2025,12/05/2025,CITY RIDESHARE 400 TECH PARK DR METROPOLIS 94100 CA USA,City Rideshare,Transportation,Purchase,16.20,Sample User
12/03/2025,12/04/2025,STREAMFLEX 500 MEDIA WAY METROPOLIS 94107 CA USA,StreamFlex,Entertainment,Purchase,15.99,Sample User
12/02/2025,12/03/2025,PIZZA PIAZZA 333 OAK AVE SPRINGFIELD 90011 CA USA,Pizza Piazza,Restaurants,Purchase,40.81,Sample User
12/01/2025,12/02/2025,HARVEST FOODS 450 MEADOW LN RIVERTON 90210 CA USA,Harvest Foods,Grocery,Purchase,22.43,Sample User
11/30/2025,12/02/2025,TST*BLUE DOOR CAFE 18 MAIN ST SPRINGFIELD 90011 CA USA,Blue Door Cafe,Restaurants,Purchase,15.86,Sample User
11/29/2025,12/01/2025,GREENFIELD MARKET 1200 ORCHARD AVE SPRINGFIELD 90011 CA USA,Greenfield Market,Grocery,Purchase,122.15,Sample User
11/29/2025,11/30/2025,PARKING PLUS 450 GARAGE WAY METROPOLIS 94105 CA USA,Parking Plus,Other,Purchase,9.77,Sample User
11/28/2025,11/30/2025,HARVEST FOODS 450 MEADOW LN RIVERTON 90210 CA USA,Harvest Foods,Grocery,Purchase,80.79,Sample User
11/27/2025,11/29/2025,MEGAMART ONLINE 1 FULFILLMENT RD COMMERCE 98100 WA USA,MegaMart Online,Shopping,Purchase,18.69,Sample User
11/26/2025,11/28/2025,TACO VERDE 2400 SUNSET BLVD RIVERTON 90210 CA USA,Taco Verde,Restaurants,Purchase,30.99,Sample User
11/25/2025,11/27/2025,BURGER BARN 710 RANCH RD MESQUITE FLATS 85300 AZ USA,Burger Barn,Restaurants,Purchase,29.59,Sample User
11/24/2025,11/25/2025,VINE & BARREL 17 CELLAR ROW RIVERTON 90210 CA USA,Vine & Barrel,Alcohol,Purchase,62.43,Sample User
11/23/2025,11/24/2025,PIZZA PIAZZA 333 OAK AVE SPRINGFIELD 90011 CA USA,Pizza Piazza,Restaurants,Purchase,56.51,Sample User
11/23/2025,11/24/2025,GREENFIELD MARKET 1200 ORCHARD AVE SPRINGFIELD 90011 CA USA,Greenfield Market,Grocery,Purchase,29.69,Sample User
11/22/2025,11/23/2025,GREENFIELD MARKET 1200 ORCHARD AVE SPRINGFIELD 90011 CA USA,Greenfield Market,Grocery,Purchase,35.65,Sample User
11/22/2025,11/23/2025,HARVEST FOODS 450 MEADOW LN RIVERTON 90210 CA USA,Harvest Foods,Grocery,Purchase,21.93,Sample User
11/21/2025,11/22/2025,SQ *COFFEE COLLECTIVE 61 STATION PLZ SPRINGFIELD 90012 CA USA,Coffee Collective,Restaurants,Purchase,10.63,Sample User
11/20/2025,11/22/2025,CORNER GROCER 77 ELM ST SPRINGFIELD 90012 CA USA,Corner Grocer,Grocery,Purchase,43.98,Sample User
11/19/2025,11/20/2025,TACO VERDE 2400 SUNSET BLVD RIVERTON 90210 CA USA,Taco Verde,Restaurants,Purchase,22.66,Sample User
11/19/2025,11/20/2025,HARBORVIEW HOTEL 2 SEASIDE BLVD BAYSIDE 90501 CA USA,Harborview Hotel,Credit,Credit,-223.73,Sample User
11/18/2025,11/19/2025,TST*SUSHI GROVE 840 GARDEN WAY RIVERTON 90210 CA USA,Sushi Grove,Restaurants,Purchase,85.21,Sample User
11/18/2025,11/19/2025,FITPASS GYM 340 MUSCLE AVE SPRINGFIELD 90016 CA USA,FitPass Gym,Entertainment,Purchase,39.00,Sample User
11/17/2025,11/19/2025,TACO VERDE 2400 SUNSET BLVD RIVERTON 90210 CA USA,Taco Verde,Restaurants,Purchase,17.60,Sample User
11/16/2025,11/18/2025,GREENFIELD MARKET 1200 ORCHARD AVE SPRINGFIELD 90011 CA USA,Greenfield Market,Grocery,Purchase,73.65,Sample User
11/16/2025,11/17/2025,BURGER BARN 710 RANCH RD MESQUITE FLATS 85300 AZ USA,Burger Barn,Restaurants,Purchase,17.54,Sample User
11/15/2025,11/16/2025,CITY RIDESHARE 400 TECH PARK DR METROPOLIS 94100 CA USA,City Rideshare,Transportation,Purchase,37.80,Sample User
11/14/2025,11/15/2025,TST*BLUE DOOR CAFE 18 MAIN ST SPRINGFIELD 90011 CA USA,Blue Door Cafe,Restaurants,Purchase,7.06,Sample User
11/13/2025,11/15/2025,CORNER GROCER 77 ELM ST SPRINGFIELD 90012 CA USA,Corner Grocer,Grocery,Purchase,40.84,Sample User
11/12/2025,11/13/2025,CITY BIKE SHARE 600 GREENWAY METROPOLIS 94102 CA USA,City Bike Share,Entertainment,Purchase,11.03,Sample User
11/12/2025,11/13/2025,CLOUDNOTE PRO 25 SAAS ST METROPOLIS 94108 CA USA,CloudNote Pro,Other,Purchase,9.99,Sample User
11/11/2025,11/12/2025,GREENFIELD MARKET 1200 ORCHARD AVE SPRINGFIELD 90011 CA USA,Greenfield Market,Grocery,Purchase,59.30,Sample User
11/10/2025,11/11/2025,FUN ZONE ARCADE 22 PIER AVE BAYSIDE 90501 CA USA,Fun Zone Arcade,Entertainment,Purchase,37.79,Sample User
11/09/2025,11/11/2025,HARVEST FOODS 450 MEADOW LN RIVERTON 90210 CA USA,Harvest Foods,Grocery,Purchase,34.68,Sample User
11/09/2025,11/10/2025,CORNER GROCER 77 ELM ST SPRINGFIELD 90012 CA USA,Corner Grocer,Grocery,Purchase,4.66,Sample User
11/08/2025,11/09/2025,PARKING PLUS 450 GARAGE WAY METROPOLIS 94105 CA USA,Parking Plus,Other,Purchase,7.82,Sample User
11/08/2025,11/09/2025,FUN ZONE ARCADE 22 PIER AVE BAYSIDE 90501 CA USA,Fun Zone Arcade,Entertainment,Purchase,36.73,Sample User
11/07/2025,11/09/2025,CORNER GROCER 77 ELM ST SPRINGFIELD 90012 CA USA,Corner Grocer,Grocery,Purchase,35.03,Sample User
11/06/2025,11/08/2025,GREENFIELD MARKET 1200 ORCHARD AVE SPRINGFIELD 90011 CA USA,Greenfield Market,Grocery,Purchase,74.27,Sample User
11/05/2025,11/06/2025,TST*BLUE DOOR CAFE 18 MAIN ST SPRINGFIELD 90011 CA USA,Blue Door Cafe,Restaurants,Purchase,10.02,Sample User
11/05/2025,11/05/2025,GADGET DEPOT MONTHLY INSTALLMENT,Gadget Depot Installments,Installment,Installment,41.62,Sample User
11/05/2025,11/05/2025,ACH DEPOSIT INTERNET TRANSFER FROM ACCOUNT ENDING IN 1122,Ach Deposit Internet Transfer From Account Ending In 1122,Payment,Payment,-1610.00,Sample User
11/04/2025,11/05/2025,CINEMA PLAZA 95 PROMENADE SPRINGFIELD 90011 CA USA,Cinema Plaza,Entertainment,Purchase,15.05,Sample User
11/03/2025,11/05/2025,EXPRESS TOLL PO BOX 100 METROPOLIS 94106 CA USA,Express Toll,Tolls,Purchase,2.73,Sample User
11/03/2025,11/04/2025,STREAMFLEX 500 MEDIA WAY METROPOLIS 94107 CA USA,StreamFlex,Entertainment,Purchase,15.99,Sample User
11/02/2025,11/04/2025,FUN ZONE ARCADE 22 PIER AVE BAYSIDE 90501 CA USA,Fun Zone Arcade,Entertainment,Purchase,33.32,Sample User
11/01/2025,11/02/2025,CORNER GROCER 77 ELM ST SPRINGFIELD 90012 CA USA,Corner Grocer,Grocery,Purchase,10.83,Sample User
10/31/2025,11/02/2025,CORNER GROCER 77 ELM ST SPRINGFIELD 90012 CA USA,Corner Grocer,Grocery,Purchase,38.90,Sample User
10/30/2025,10/31/2025,TST*BLUE DOOR CAFE 18 MAIN ST SPRINGFIELD 90011 CA USA,Blue Door Cafe,Restaurants,Purchase,35.57,Sample User
10/29/2025,10/30/2025,TACO VERDE 2400 SUNSET BLVD RIVERTON 90210 CA USA,Taco Verde,Restaurants,Purchase,31.32,Sample User
10/28/2025,10/29/2025,BURGER BARN 710 RANCH RD MESQUITE FLATS 85300 AZ USA,Burger Barn,Restaurants,Purchase,12.55,Sample User
10/27/2025,10/29/2025,TACO VERDE 2400 SUNSET BLVD RIVERTON 90210 CA USA,Taco Verde,Restaurants,Purchase,13.47,Sample User
10/26/2025,10/27/2025,TST*BLUE DOOR CAFE 18 MAIN ST SPRINGFIELD 90011 CA USA,Blue Door Cafe,Restaurants,Purchase,7.18,Sample User
10/25/2025,10/27/2025,CITY RIDESHARE 400 TECH PARK DR METROPOLIS 94100 CA USA,City Rideshare,Transportation,Purchase,40.92,Sample User
10/24/2025,10/25/2025,TST*BLUE DOOR CAFE 18 MAIN ST SPRINGFIELD 90011 CA USA,Blue Door Cafe,Restaurants,Purchase,34.42,Sample User
10/23/2025,10/25/2025,VINE & BARREL 17 CELLAR ROW RIVERTON 90210 CA USA,Vine & Barrel,Alcohol,Purchase,17.53,Sample User
10/22/2025,10/23/2025,TST*NOODLE JUNCTION 901 CANAL ST SPRINGFIELD 90013 CA USA,Noodle Junction,Restaurants,Purchase,42.08,Sample User
10/21/2025,10/22/2025,CITY PARKING METERS CITY HALL SPRINGFIELD 90011 CA USA,City Parking Meters,Govt-services-parking,Purchase,7.72,Sample User
10/20/2025,10/22/2025,CITY PHARMACY 88 MAIN ST SPRINGFIELD 90011 CA USA,City Pharmacy,Medical,Purchase,15.19,Sample User
10/19/2025,10/20/2025,GREENFIELD MARKET 1200 ORCHARD AVE SPRINGFIELD 90011 CA USA,Greenfield Market,Grocery,Purchase,109.47,Sample User
10/19/2025,10/21/2025,GREENFIELD MARKET 1200 ORCHARD AVE SPRINGFIELD 90011 CA USA,Greenfield Market,Grocery,Purchase,54.50,Sample User
10/19/2025,10/20/2025,BLUE SKY AIRLINES 200 AIRPORT LOOP MESQUITE FLATS 85301 AZ USA,Blue Sky Airlines,Credit,Credit,-262.87,Sample User
10/18/2025,10/19/2025,SUNRISE DINER 5 HARBOR RD BAYSIDE 90501 CA USA,Sunrise Diner,Restaurants,Purchase,35.22,Sample User
10/18/2025,10/20/2025,CITY PHARMACY 88 MAIN ST SPRINGFIELD 90011 CA USA,City Pharmacy,Medical,Purchase,54.31,Sample User
10/18/2025,10/19/2025,FITPASS GYM 340 MUSCLE AVE SPRINGFIELD 90016 CA USA,FitPass Gym,Entertainment,Purchase,39.00,Sample User
10/17/2025,10/19/2025,CITY RIDESHARE 400 TECH PARK DR METROPOLIS 94100 CA USA,City Rideshare,Transportation,Purchase,29.42,Sample User
10/16/2025,10/18/2025,TACO VERDE 2400 SUNSET BLVD RIVERTON 90210 CA USA,Taco Verde,Restaurants,Purchase,21.24,Sample User
10/15/2025,10/17/2025,ROADSTAR FUEL 1500 HIGHWAY 9 SPRINGFIELD 90014 CA USA,Roadstar Fuel,Gas,Purchase,53.67,Sample User
10/14/2025,10/15/2025,CITY RIDESHARE 400 TECH PARK DR METROPOLIS 94100 CA USA,City Rideshare,Transportation,Purchase,9.26,Sample User
10/13/2025,10/14/2025,GREENFIELD MARKET 1200 ORCHARD AVE SPRINGFIELD 90011 CA USA,Greenfield Market,Grocery,Purchase,104.90,Sample User
10/12/2025,10/13/2025,SUNRISE DINER 5 HARBOR RD BAYSIDE 90501 CA USA,Sunrise Diner,Restaurants,Purchase,38.04,Sample User
10/12/2025,10/14/2025,CITY RIDESHARE 400 TECH PARK DR METROPOLIS 94100 CA USA,City Rideshare,Transportation,Purchase,11.21,Sample User
10/12/2025,10/13/2025,CLOUDNOTE PRO 25 SAAS ST METROPOLIS 94108 CA USA,CloudNote Pro,Other,Purchase,9.99,Sample User
10/11/2025,10/12/2025,METRO GAS 210 DEPOT ST RIVERTON 90210 CA USA,Metro Gas,Gas,Purchase,48.85,Sample User
10/10/2025,10/11/2025,TST*NOODLE JUNCTION 901 CANAL ST SPRINGFIELD 90013 CA USA,Noodle Junction,Restaurants,Purchase,52.82,Sample User
10/09/2025,10/10/2025,BLUE SKY AIRLINES 200 AIRPORT LOOP MESQUITE FLATS 85301 AZ USA,Blue Sky Airlines,Airlines,Purchase,341.99,Sample User
10/08/2025,10/10/2025,SQ *COFFEE COLLECTIVE 61 STATION PLZ SPRINGFIELD 90012 CA USA,Coffee Collective,Restaurants,Purchase,6.74,Sample User
10/06/2025,10/08/2025,TST*NOODLE JUNCTION 901 CANAL ST SPRINGFIELD 90013 CA USA,Noodle Junction,Restaurants,Purchase,36.07,Sample User
10/05/2025,10/07/2025,GREENFIELD MARKET 1200 ORCHARD AVE SPRINGFIELD 90011 CA USA,Greenfield Market,Grocery,Purchase,74.79,Sample User
10/05/2025,10/05/2025,GADGET DEPOT MONTHLY INSTALLMENT,Gadget Depot Installments,Installment,Installment,41.62,Sample User
10/05/2025,10/05/2025,ACH DEPOSIT INTERNET TRANSFER FROM ACCOUNT ENDING IN 1122,Ach Deposit Internet Transfer From Account Ending In 1122,Payment,Payment,-1520.00,Sample User
10/04/2025,10/06/2025,EXPRESS TOLL PO BOX 100 METROPOLIS 94106 CA USA,Express Toll,Tolls,Purchase,7.81,Sample User
10/03/2025,10/04/2025,GREENFIELD MARKET 1200 ORCHARD AVE SPRINGFIELD 90011 CA USA,Greenfield Market,Grocery,Purchase,16.04,Sample User
10/03/2025,10/04/2025,STREAMFLEX 500 MEDIA WAY METROPOLIS 94107 CA USA,StreamFlex,Entertainment,Purchase,15.99,Sample User
10/02/2025,10/03/2025,STYLE OUTLET 78 FASHION SQ RIVERTON 90210 CA USA,Style Outlet,Shopping,Purchase,130.32,Sample User
10/01/2025,10/03/2025,CITY BIKE SHARE 600 GREENWAY METROPOLIS 94102 CA USA,City Bike Share,Entertainment,Purchase,10.24,Sample User
09/30/2025,10/02/2025,HARVEST FOODS 450 MEADOW LN RIVERTON 90210 CA USA,Harvest Foods,Grocery,Purchase,31.63,Sample User
09/29/2025,09/30/2025,GREENFIELD MARKET 1200 ORCHARD AVE SPRINGFIELD 90011 CA USA,Greenfield Market,Grocery,Purchase,58.06,Sample User
09/28/2025,09/29/2025,TST*BLUE DOOR CAFE 18 MAIN ST SPRINGFIELD 90011 CA USA,Blue Door Cafe,Restaurants,Purchase,25.10,Sample User
09/27/2025,09/28/2025,MEGAMART ONLINE 1 FULFILLMENT RD COMMERCE 98100 WA USA,MegaMart Online,Shopping,Purchase,102.84,Sample User
09/26/2025,09/28/2025,EXPRESS TOLL PO BOX 100 METROPOLIS 94106 CA USA,Express Toll,Tolls,Purchase,12.74,Sample User
09/25/2025,09/26/2025,CORNER GROCER 77 ELM ST SPRINGFIELD 90012 CA USA,Corner Grocer,Grocery,Purchase,44.69,Sample User
09/24/2025,09/25/2025,SQ *COFFEE COLLECTIVE 61 STATION PLZ SPRINGFIELD 90012 CA USA,Coffee Collective,Restaurants,Purchase,9.77,Sample User
09/23/2025,09/24/2025,STYLE OUTLET 78 FASHION SQ RIVERTON 90210 CA USA,Style Outlet,Shopping,Purchase,124.74,Sample User
09/22/2025,09/23/2025,GADGET DEPOT 512 CIRCUIT DR METROPOLIS 94103 CA USA,Gadget Depot,Shopping,Purchase,134.86,Sample User
09/21/2025,09/22/2025,METRO TRANSIT 1 TRANSIT WAY METROPOLIS 94101 CA USA,Metro Transit,Transportation,Purchase,10.43,Sample User
09/20/2025,09/21/2025,TACO VERDE 2400 SUNSET BLVD RIVERTON 90210 CA USA,Taco Verde,Restaurants,Purchase,18.38,Sample User
09/20/2025,09/22/2025,CITY RIDESHARE 400 TECH PARK DR METROPOLIS 94100 CA USA,City Rideshare,Transportation,Purchase,11.61,Sample User
09/19/2025,09/21/2025,TST*NOODLE JUNCTION 901 CANAL ST SPRINGFIELD 90013 CA USA,Noodle Junction,Restaurants,Purchase,24.77,Sample User
09/18/2025,09/20/2025,CINEMA PLAZA 95 PROMENADE SPRINGFIELD 90011 CA USA,Cinema Plaza,Entertainment,Purchase,16.92,Sample User
09/18/2025,09/19/2025,FITPASS GYM 340 MUSCLE AVE SPRINGFIELD 90016 CA USA,FitPass Gym,Entertainment,Purchase,39.00,Sample User
09/17/2025,09/18/2025,TST*NOODLE JUNCTION 901 CANAL ST SPRINGFIELD 90013 CA USA,Noodle Junction,Restaurants,Purchase,22.08,Sample User
09/16/2025,09/18/2025,GREENFIELD MARKET 1200 ORCHARD AVE SPRINGFIELD 90011 CA USA,Greenfield Market,Grocery,Purchase,112.37,Sample User
09/15/2025,09/17/2025,MEGAMART ONLINE 1 FULFILLMENT RD COMMERCE 98100 WA USA,MegaMart Online,Shopping,Purchase,14.37,Sample User
09/14/2025,09/15/2025,QUICK PRINT SHOP 12 COPY LN SPRINGFIELD 90012 CA USA,Quick Print Shop,Other,Purchase,9.03,Sample User
09/14/2025,09/16/2025,HARVEST FOODS 450 MEADOW LN RIVERTON 90210 CA USA,Harvest Foods,Grocery,Purchase,50.58,Sample User
09/13/2025,09/14/2025,CITY BIKE SHARE 600 GREENWAY METROPOLIS 94102 CA USA,City Bike Share,Entertainment,Purchase,12.45,Sample User
09/12/2025,09/13/2025,TST*BLUE DOOR CAFE 18 MAIN ST SPRINGFIELD 90011 CA USA,Blue Door Cafe,Restaurants,Purchase,31.84,Sample User
09/12/2025,09/13/2025,CLOUDNOTE PRO 25 SAAS ST METROPOLIS 94108 CA USA,CloudNote Pro,Other,Purchase,9.99,Sample User
09/11/2025,09/13/2025,METRO TRANSIT 1 TRANSIT WAY METROPOLIS 94101 CA USA,Metro Transit,Transportation,Purchase,6.73,Sample User
09/10/2025,09/12/2025,TST*BLUE DOOR CAFE 18 MAIN ST SPRINGFIELD 90011 CA USA,Blue Door Cafe,Restaurants,Purchase,27.97,Sample User
09/09/2025,09/11/2025,GREENFIELD MARKET 1200 ORCHARD AVE SPRINGFIELD 90011 CA USA,Greenfield Market,Grocery,Purchase,63.14,Sample User
09/08/2025,09/09/2025,TST*SUSHI GROVE 840 GARDEN WAY RIVERTON 90210 CA USA,Sushi Grove,Restaurants,Purchase,26.40,Sample User
09/07/2025,09/08/2025,GADGET DEPOT 512 CIRCUIT DR METROPOLIS 94103 CA USA,Gadget Depot,Shopping,Purchase,194.17,Sample User
09/07/2025,09/08/2025,TST*NOODLE JUNCTION 901 CANAL ST SPRINGFIELD 90013 CA USA,Noodle Junction,Restaurants,Purchase,48.34,Sample User
09/06/2025,09/08/2025,CORNER GROCER 77 ELM ST SPRINGFIELD 90012 CA USA,Corner Grocer,Grocery,Purchase,41.74,Sample User
09/06/2025,09/07/2025,SQ *COFFEE COLLECTIVE 61 STATION PLZ SPRINGFIELD 90012 CA USA,Coffee Collective,Restaurants,Purchase,12.22,Sample User
09/05/2025,09/06/2025,HARVEST FOODS 450 MEADOW LN RIVERTON 90210 CA USA,Harvest Foods,Grocery,Purchase,17.46,Sample User
09/05/2025,09/05/2025,GADGET DEPOT MONTHLY INSTALLMENT,Gadget Depot Installments,Installment,Installment,41.62,Sample User
09/05/2025,09/05/2025,ACH DEPOSIT INTERNET TRANSFER FROM ACCOUNT ENDING IN 1122,Ach Deposit Internet Transfer From Account Ending In 1122,Payment,Payment,-1430.00,Sample User
09/04/2025,09/05/2025,METRO TRANSIT 1 TRANSIT WAY METROPOLIS 94101 CA USA,Metro Transit,Transportation,Purchase,6.02,Sample User
09/03/2025,09/05/2025,GREENFIELD MARKET 1200 ORCHARD AVE SPRINGFIELD 90011 CA USA,Greenfield Market,Grocery,Purchase,58.90,Sample User
09/03/2025,09/04/2025,STREAMFLEX 500 MEDIA WAY METROPOLIS 94107 CA USA,StreamFlex,Entertainment,Purchase,15.99,Sample User
09/01/2025,09/02/2025,MEGAMART ONLINE 1 FULFILLMENT RD COMMERCE 98100 WA USA,MegaMart Online,Shopping,Purchase,74.82,Sample User
08/31/2025,09/01/2025,PIZZA PIAZZA 333 OAK AVE SPRINGFIELD 90011 CA USA,Pizza Piazza,Restaurants,Purchase,41.65,Sample User
08/30/2025,08/31/2025,SQ *COFFEE COLLECTIVE 61 STATION PLZ SPRINGFIELD 90012 CA USA,Coffee Collective,Restaurants,Purchase,10.73,Sample User
08/30/2025,08/31/2025,SQ *COFFEE COLLECTIVE 61 STATION PLZ SPRINGFIELD 90012 CA USA,Coffee Collective,Restaurants,Purchase,10.78,Sample User
08/29/2025,08/30/2025,PIZZA PIAZZA 333 OAK AVE SPRINGFIELD 90011 CA USA,Pizza Piazza,Restaurants,Purchase,39.67,Sample User
08/28/2025,08/29/2025,HARVEST FOODS 450 MEADOW LN RIVERTON 90210 CA USA,Harvest Foods,Grocery,Purchase,59.27,Sample User
08/27/2025,08/28/2025,PIZZA PIAZZA 333 OAK AVE SPRINGFIELD 90011 CA USA,Pizza Piazza,Restaurants,Purchase,18.95,Sample User
08/26/2025,08/27/2025,CITY PHARMACY 88 MAIN ST SPRINGFIELD 90011 CA USA,City Pharmacy,Medical,Purchase,38.83,Sample User
08/24/2025,08/25/2025,TST*NOODLE JUNCTION 901 CANAL ST SPRINGFIELD 90013 CA USA,Noodle Junction,Restaurants,Purchase,27.74,Sample User
08/24/2025,08/26/2025,GREENFIELD MARKET 1200 ORCHARD AVE SPRINGFIELD 90011 CA USA,Greenfield Market,Grocery,Purchase,139.60,Sample User
08/23/2025,08/25/2025,VINE & BARREL 17 CELLAR ROW RIVERTON 90210 CA USA,Vine & Barrel,Alcohol,Purchase,31.37,Sample User
08/23/2025,08/25/2025,TST*BLUE DOOR CAFE 18 MAIN ST SPRINGFIELD 90011 CA USA,Blue Door Cafe,Restaurants,Purchase,21.67,Sample User
08/22/2025,08/23/2025,BURGER BARN 710 RANCH RD MESQUITE FLATS 85300 AZ USA,Burger Barn,Restaurants,Purchase,16.71,Sample User
08/21/2025,08/23/2025,SQ *COFFEE COLLECTIVE 61 STATION PLZ SPRINGFIELD 90012 CA USA,Coffee Collective,Restaurants,Purchase,11.74,Sample User
08/20/2025,08/21/2025,BURGER BARN 710 RANCH RD MESQUITE FLATS 85300 AZ USA,Burger Barn,Restaurants,Purchase,20.61,Sample User
08/18/2025,08/20/2025,GREENFIELD MARKET 1200 ORCHARD AVE SPRINGFIELD 90011 CA USA,Greenfield Market,Grocery,Purchase,89.50,Sample User
08/18/2025,08/19/2025,FITPASS GYM 340 MUSCLE AVE SPRINGFIELD 90016 CA USA,FitPass Gym,Entertainment,Purchase,39.00,Sample User
08/17/2025,08/19/2025,TST*NOODLE JUNCTION 901 CANAL ST SPRINGFIELD 90013 CA USA,Noodle Junction,Restaurants,Purchase,26.51,Sample User
08/17/2025,08/18/2025,SHIELD INSURANCE 700 SECURE BLVD COMMERCE 98101 WA USA,Shield Insurance,Insurance,Purchase,95.75,Sample User
08/16/2025,08/18/2025,TST*BLUE DOOR CAFE 18 MAIN ST SPRINGFIELD 90011 CA USA,Blue Door Cafe,Restaurants,Purchase,19.03,Sample User
08/16/2025,08/18/2025,TST*NOODLE JUNCTION 901 CANAL ST SPRINGFIELD 90013 CA USA,Noodle Junction,Restaurants,Purchase,24.67,Sample User
08/15/2025,08/17/2025,GREENFIELD MARKET 1200 ORCHARD AVE SPRINGFIELD 90011 CA USA,Greenfield Market,Grocery,Purchase,37.90,Sample User
08/14/2025,08/16/2025,METRO GAS 210 DEPOT ST RIVERTON 90210 CA USA,Metro Gas,Gas,Purchase,40.83,Sample User
08/13/2025,08/15/2025,BURGER BARN 710 RANCH RD MESQUITE FLATS 85300 AZ USA,Burger Barn,Restaurants,Purchase,11.31,Sample User
08/12/2025,08/13/2025,CLOUDNOTE PRO 25 SAAS ST METROPOLIS 94108 CA USA,CloudNote Pro,Other,Purchase,9.99,Sample User
08/11/2025,08/12/2025,GREENFIELD MARKET 1200 ORCHARD AVE SPRINGFIELD 90011 CA USA,Greenfield Market,Grocery,Purchase,55.58,Sample User
08/10/2025,08/11/2025,METRO TRANSIT 1 TRANSIT WAY METROPOLIS 94101 CA USA,Metro Transit,Transportation,Purchase,8.36,Sample User
08/10/2025,08/12/2025,GREENFIELD MARKET 1200 ORCHARD AVE SPRINGFIELD 90011 CA USA,Greenfield Market,Grocery,Purchase,99.89,Sample User
08/09/2025,08/11/2025,HARVEST FOODS 450 MEADOW LN RIVERTON 90210 CA USA,Harvest Foods,Grocery,Purchase,42.18,Sample User
08/08/2025,08/10/2025,METRO TRANSIT 1 TRANSIT WAY METROPOLIS 94101 CA USA,Metro Transit,Transportation,Purchase,5.54,Sample User
08/07/2025,08/09/2025,SUNRISE DINER 5 HARBOR RD BAYSIDE 90501 CA USA,Sunrise Diner,Restaurants,Purchase,16.39,Sample User
08/06/2025,08/08/2025,SQ *COFFEE COLLECTIVE 61 STATION PLZ SPRINGFIELD 90012 CA USA,Coffee Collective,Restaurants,Purchase,14.08,Sample User
08/05/2025,08/07/2025,STYLE OUTLET 78 FASHION SQ RIVERTON 90210 CA USA,Style Outlet,Shopping,Purchase,123.31,Sample User
08/05/2025,08/05/2025,GADGET DEPOT MONTHLY INSTALLMENT,Gadget Depot Installments,Installment,Installment,41.62,Sample User
08/05/2025,08/05/2025,ACH DEPOSIT INTERNET TRANSFER FROM ACCOUNT ENDING IN 1122,Ach Deposit Internet Transfer From Account Ending In 1122,Payment,Payment,-1860.00,Sample User
08/04/2025,08/06/2025,SQ *COFFEE COLLECTIVE 61 STATION PLZ SPRINGFIELD 90012 CA USA,Coffee Collective,Restaurants,Purchase,12.17,Sample User
08/03/2025,08/05/2025,TACO VERDE 2400 SUNSET BLVD RIVERTON 90210 CA USA,Taco Verde,Restaurants,Purchase,15.32,Sample User
08/03/2025,08/04/2025,METRO TRANSIT 1 TRANSIT WAY METROPOLIS 94101 CA USA,Metro Transit,Transportation,Purchase,9.55,Sample User
08/03/2025,08/04/2025,STREAMFLEX 500 MEDIA WAY METROPOLIS 94107 CA USA,StreamFlex,Entertainment,Purchase,15.99,Sample User
08/02/2025,08/04/2025,QUICK PRINT SHOP 12 COPY LN SPRINGFIELD 90012 CA USA,Quick Print Shop,Other,Purchase,25.02,Sample User
08/01/2025,08/03/2025,MEGAMART ONLINE 1 FULFILLMENT RD COMMERCE 98100 WA USA,MegaMart Online,Shopping,Purchase,103.26,Sample User
07/31/2025,08/02/2025,CORNER GROCER 77 ELM ST SPRINGFIELD 90012 CA USA,Corner Grocer,Grocery,Purchase,39.99,Sample User
07/30/2025,07/31/2025,TST*NOODLE JUNCTION 901 CANAL ST SPRINGFIELD 90013 CA USA,Noodle Junction,Restaurants,Purchase,48.40,Sample User
07/29/2025,07/31/2025,GREENFIELD MARKET 1200 ORCHARD AVE SPRINGFIELD 90011 CA USA,Greenfield Market,Grocery,Purchase,18.86,Sample User
07/28/2025,07/30/2025,SQ *COFFEE COLLECTIVE 61 STATION PLZ SPRINGFIELD 90012 CA USA,Coffee Collective,Restaurants,Purchase,12.25,Sample User
07/27/2025,07/28/2025,HARVEST FOODS 450 MEADOW LN RIVERTON 90210 CA USA,Harvest Foods,Grocery,Purchase,22.48,Sample User
07/27/2025,07/28/2025,GREENFIELD MARKET 1200 ORCHARD AVE SPRINGFIELD 90011 CA USA,Greenfield Market,Grocery,Purchase,99.77,Sample User
07/26/2025,07/28/2025,GREENFIELD MARKET 1200 ORCHARD AVE SPRINGFIELD 90011 CA USA,Greenfield Market,Grocery,Purchase,90.05,Sample User
07/26/2025,07/27/2025,TST*SUSHI GROVE 840 GARDEN WAY RIVERTON 90210 CA USA,Sushi Grove,Restaurants,Purchase,88.19,Sample User
07/25/2025,07/27/2025,TACO VERDE 2400 SUNSET BLVD RIVERTON 90210 CA USA,Taco Verde,Restaurants,Purchase,12.40,Sample User
07/24/2025,07/25/2025,SHIELD INSURANCE 700 SECURE BLVD COMMERCE 98101 WA USA,Shield Insurance,Insurance,Purchase,123.66,Sample User
07/23/2025,07/24/2025,TST*BLUE DOOR CAFE 18 MAIN ST SPRINGFIELD 90011 CA USA,Blue Door Cafe,Restaurants,Purchase,6.26,Sample User
07/22/2025,07/24/2025,SUNRISE DINER 5 HARBOR RD BAYSIDE 90501 CA USA,Sunrise Diner,Restaurants,Purchase,42.23,Sample User
07/21/2025,07/23/2025,PIZZA PIAZZA 333 OAK AVE SPRINGFIELD 90011 CA USA,Pizza Piazza,Restaurants,Purchase,61.98,Sample User
07/20/2025,07/22/2025,CITY PARKING METERS CITY HALL SPRINGFIELD 90011 CA USA,City Parking Meters,Govt-services-parking,Purchase,8.92,Sample User
07/20/2025,07/21/2025,CORNER GROCER 77 ELM ST SPRINGFIELD 90012 CA USA,Corner Grocer,Grocery,Purchase,33.01,Sample User
07/19/2025,07/21/2025,GREENFIELD MARKET 1200 ORCHARD AVE SPRINGFIELD 90011 CA USA,Greenfield Market,Grocery,Purchase,101.73,Sample User
07/18/2025,07/19/2025,SQ *COFFEE COLLECTIVE 61 STATION PLZ SPRINGFIELD 90012 CA USA,Coffee Collective,Restaurants,Purchase,4.24,Sample User
07/18/2025,07/19/2025,FITPASS GYM 340 MUSCLE AVE SPRINGFIELD 90016 CA USA,FitPass Gym,Entertainment,Purchase,39.00,Sample User
07/17/2025,07/18/2025,CITY BIKE SHARE 600 GREENWAY METROPOLIS 94102 CA USA,City Bike Share,Entertainment,Purchase,17.86,Sample User
07/16/2025,07/18/2025,ROADSTAR FUEL 1500 HIGHWAY 9 SPRINGFIELD 90014 CA USA,Roadstar Fuel,Gas,Purchase,63.45,Sample User
07/15/2025,07/17/2025,STYLE OUTLET 78 FASHION SQ RIVERTON 90210 CA USA,Style Outlet,Shopping,Purchase,136.94,Sample User
07/14/2025,07/16/2025,TST*SUSHI GROVE 840 GARDEN WAY RIVERTON 90210 CA USA,Sushi Grove,Restaurants,Purchase,63.79,Sample User
07/13/2025,07/14/2025,TST*BLUE DOOR CAFE 18 MAIN ST SPRINGFIELD 90011 CA USA,Blue Door Cafe,Restaurants,Purchase,33.10,Sample User
07/12/2025,07/13/2025,CORNER GROCER 77 ELM ST SPRINGFIELD 90012 CA USA,Corner Grocer,Grocery,Purchase,25.01,Sample User
07/12/2025,07/13/2025,MEGAMART ONLINE 1 FULFILLMENT RD COMMERCE 98100 WA USA,MegaMart Online,Shopping,Purchase,130.09,Sample User
07/12/2025,07/13/2025,CLOUDNOTE PRO 25 SAAS ST METROPOLIS 94108 CA USA,CloudNote Pro,Other,Purchase,9.99,Sample User
07/11/2025,07/12/2025,SUNRISE DINER 5 HARBOR RD BAYSIDE 90501 CA USA,Sunrise Diner,Restaurants,Purchase,33.29,Sample User
07/10/2025,07/12/2025,METRO GAS 210 DEPOT ST RIVERTON 90210 CA USA,Metro Gas,Gas,Purchase,48.46,Sample User
07/09/2025,07/11/2025,MEGAMART ONLINE 1 FULFILLMENT RD COMMERCE 98100 WA USA,MegaMart Online,Shopping,Purchase,74.55,Sample User
07/08/2025,07/09/2025,PARKING PLUS 450 GARAGE WAY METROPOLIS 94105 CA USA,Parking Plus,Other,Purchase,18.74,Sample User
07/07/2025,07/08/2025,CITY RIDESHARE 400 TECH PARK DR METROPOLIS 94100 CA USA,City Rideshare,Transportation,Purchase,19.99,Sample User
07/06/2025,07/08/2025,CITY RIDESHARE 400 TECH PARK DR METROPOLIS 94100 CA USA,City Rideshare,Transportation,Purchase,33.96,Sample User
07/06/2025,07/08/2025,TACO VERDE 2400 SUNSET BLVD RIVERTON 90210 CA USA,Taco Verde,Restaurants,Purchase,32.00,Sample User
07/05/2025,07/06/2025,TST*BLUE DOOR CAFE 18 MAIN ST SPRINGFIELD 90011 CA USA,Blue Door Cafe,Restaurants,Purchase,13.83,Sample User
07/05/2025,07/06/2025,ROADSTAR FUEL 1500 HIGHWAY 9 SPRINGFIELD 90014 CA USA,Roadstar Fuel,Gas,Purchase,65.12,Sample User
07/05/2025,07/05/2025,GADGET DEPOT MONTHLY INSTALLMENT,Gadget Depot Installments,Installment,Installment,41.62,Sample User
07/05/2025,07/05/2025,ACH DEPOSIT INTERNET TRANSFER FROM ACCOUNT ENDING IN 1122,Ach Deposit Internet Transfer From Account Ending In 1122,Payment,Payment,-1820.00,Sample User
07/04/2025,07/06/2025,SQ *COFFEE COLLECTIVE 61 STATION PLZ SPRINGFIELD 90012 CA USA,Coffee Collective,Restaurants,Purchase,12.30,Sample User
07/03/2025,07/04/2025,CORNER GROCER 77 ELM ST SPRINGFIELD 90012 CA USA,Corner Grocer,Grocery,Purchase,33.94,Sample User
07/03/2025,07/04/2025,STREAMFLEX 500 MEDIA WAY METROPOLIS 94107 CA USA,StreamFlex,Entertainment,Purchase,15.99,Sample User
07/02/2025,07/04/2025,STYLE OUTLET 78 FASHION SQ RIVERTON 90210 CA USA,Style Outlet,Shopping,Purchase,98.40,Sample User
07/01/2025,07/02/2025,CORNER GROCER 77 ELM ST SPRINGFIELD 90012 CA USA,Corner Grocer,Grocery,Purchase,28.48,Sample User
06/30/2025,07/02/2025,CINEMA PLAZA 95 PROMENADE SPRINGFIELD 90011 CA USA,Cinema Plaza,Entertainment,Purchase,12.11,Sample User
06/29/2025,06/30/2025,PIZZA PIAZZA 333 OAK AVE SPRINGFIELD 90011 CA USA,Pizza Piazza,Restaurants,Purchase,48.75,Sample User
06/29/2025,06/30/2025,GREENFIELD MARKET 1200 ORCHARD AVE SPRINGFIELD 90011 CA USA,Greenfield Market,Grocery,Purchase,31.26,Sample User
06/28/2025,06/29/2025,STYLE OUTLET 78 FASHION SQ RIVERTON 90210 CA USA,Style Outlet,Shopping,Purchase,73.90,Sample User
06/28/2025,06/30/2025,GREENFIELD MARKET 1200 ORCHARD AVE SPRINGFIELD 90011 CA USA,Greenfield Market,Grocery,Purchase,9.70,Sample User
06/27/2025,06/29/2025,SQ *COFFEE COLLECTIVE 61 STATION PLZ SPRINGFIELD 90012 CA USA,Coffee Collective,Restaurants,Purchase,15.55,Sample User
06/26/2025,06/28/2025,HARVEST FOODS 450 MEADOW LN RIVERTON 90210 CA USA,Harvest Foods,Grocery,Purchase,58.95,Sample User
06/25/2025,06/26/2025,TST*BLUE DOOR CAFE 18 MAIN ST SPRINGFIELD 90011 CA USA,Blue Door Cafe,Restaurants,Purchase,23.52,Sample User
06/24/2025,06/26/2025,GREENFIELD MARKET 1200 ORCHARD AVE SPRINGFIELD 90011 CA USA,Greenfield Market,Grocery,Purchase,98.73,Sample User
06/23/2025,06/25/2025,TACO VERDE 2400 SUNSET BLVD RIVERTON 90210 CA USA,Taco Verde,Restaurants,Purchase,15.89,Sample User
06/22/2025,06/24/2025,TST*BLUE DOOR CAFE 18 MAIN ST SPRINGFIELD 90011 CA USA,Blue Door Cafe,Restaurants,Purchase,9.86,Sample User
06/22/2025,06/23/2025,STYLE OUTLET 78 FASHION SQ RIVERTON 90210 CA USA,Style Outlet,Shopping,Purchase,70.64,Sample User
06/21/2025,06/23/2025,MEGAMART ONLINE 1 FULFILLMENT RD COMMERCE 98100 WA USA,MegaMart Online,Shopping,Purchase,22.66,Sample User
06/21/2025,06/23/2025,CITY BIKE SHARE 600 GREENWAY METROPOLIS 94102 CA USA,City Bike Share,Entertainment,Purchase,6.89,Sample User
06/20/2025,06/21/2025,STYLE OUTLET 78 FASHION SQ RIVERTON 90210 CA USA,Style Outlet,Shopping,Purchase,83.53,Sample User
06/19/2025,06/21/2025,SQ *COFFEE COLLECTIVE 61 STATION PLZ SPRINGFIELD 90012 CA USA,Coffee Collective,Restaurants,Purchase,11.22,Sample User
06/19/2025,06/20/2025,BURGER BARN 710 RANCH RD MESQUITE FLATS 85300 AZ USA,Burger Barn,Restaurants,Purchase,24.83,Sample User
06/18/2025,06/20/2025,CITY BIKE SHARE 600 GREENWAY METROPOLIS 94102 CA USA,City Bike Share,Entertainment,Purchase,4.74,Sample User
06/18/2025,06/19/2025,FITPASS GYM 340 MUSCLE AVE SPRINGFIELD 90016 CA USA,FitPass Gym,Entertainment,Purchase,39.00,Sample User
06/17/2025,06/19/2025,CORNER GROCER 77 ELM ST SPRINGFIELD 90012 CA USA,Corner Grocer,Grocery,Purchase,34.81,Sample User
06/16/2025,06/18/2025,GREENFIELD MARKET 1200 ORCHARD AVE SPRINGFIELD 90011 CA USA,Greenfield Market,Grocery,Purchase,84.92,Sample User
06/15/2025,06/17/2025,FUN ZONE ARCADE 22 PIER AVE BAYSIDE 90501 CA USA,Fun Zone Arcade,Entertainment,Purchase,49.12,Sample User
06/15/2025,06/17/2025,GREENFIELD MARKET 1200 ORCHARD AVE SPRINGFIELD 90011 CA USA,Greenfield Market,Grocery,Purchase,32.42,Sample User
06/14/2025,06/16/2025,CORNER GROCER 77 ELM ST SPRINGFIELD 90012 CA USA,Corner Grocer,Grocery,Purchase,4.80,Sample User
06/14/2025,06/16/2025,BURGER BARN 710 RANCH RD MESQUITE FLATS 85300 AZ USA,Burger Barn,Restaurants,Purchase,17.98,Sample User
06/13/2025,06/14/2025,SQ *COFFEE COLLECTIVE 61 STATION PLZ SPRINGFIELD 90012 CA USA,Coffee Collective,Restaurants,Purchase,11.11,Sample User
06/12/2025,06/14/2025,PARKING PLUS 450 GARAGE WAY METROPOLIS 94105 CA USA,Parking Plus,Other,Purchase,13.88,Sample User
06/12/2025,06/13/2025,CLOUDNOTE PRO 25 SAAS ST METROPOLIS 94108 CA USA,CloudNote Pro,Other,Purchase,9.99,Sample User
06/11/2025,06/12/2025,CITY PHARMACY 88 MAIN ST SPRINGFIELD 90011 CA USA,City Pharmacy,Medical,Purchase,7.72,Sample User
06/10/2025,06/11/2025,GREENFIELD MARKET 1200 ORCHARD AVE SPRINGFIELD 90011 CA USA,Greenfield Market,Grocery,Purchase,63.01,Sample User
06/09/2025,06/11/2025,CITY PHARMACY 88 MAIN ST SPRINGFIELD 90011 CA USA,City Pharmacy,Medical,Purchase,46.47,Sample User
06/08/2025,06/09/2025,TST*NOODLE JUNCTION 901 CANAL ST SPRINGFIELD 90013 CA USA,Noodle Junction,Restaurants,Purchase,30.70,Sample User
06/08/2025,06/09/2025,SUMMIT LODGE 9000 ALPINE RD SUMMIT VALE 80400 CO USA,Summit Lodge,Hotels,Purchase,176.98,Sample User
06/07/2025,06/09/2025,STYLE OUTLET 78 FASHION SQ RIVERTON 90210 CA USA,Style Outlet,Shopping,Purchase,102.72,Sample User
06/07/2025,06/08/2025,GADGET DEPOT 512 CIRCUIT DR METROPOLIS 94103 CA USA,Gadget Depot,Shopping,Purchase,264.27,Sample User
06/06/2025,06/08/2025,BURGER BARN 710 RANCH RD MESQUITE FLATS 85300 AZ USA,Burger Barn,Restaurants,Purchase,27.98,Sample User
06/05/2025,06/07/2025,GREENFIELD MARKET 1200 ORCHARD AVE SPRINGFIELD 90011 CA USA,Greenfield Market,Grocery,Purchase,41.98,Sample User
06/05/2025,06/05/2025,GADGET DEPOT MONTHLY INSTALLMENT,Gadget Depot Installments,Installment,Installment,41.62,Sample User
06/05/2025,06/05/2025,ACH DEPOSIT INTERNET TRANSFER FROM ACCOUNT ENDING IN 1122,Ach Deposit Internet Transfer From Account Ending In 1122,Payment,Payment,-2210.00,Sample User
06/04/2025,06/06/2025,VINE & BARREL 17 CELLAR ROW RIVERTON 90210 CA USA,Vine & Barrel,Alcohol,Purchase,48.98,Sample User
06/03/2025,06/04/2025,TACO VERDE 2400 SUNSET BLVD RIVERTON 90210 CA USA,Taco Verde,Restaurants,Purchase,24.15,Sample User
06/03/2025,06/04/2025,STREAMFLEX 500 MEDIA WAY METROPOLIS 94107 CA USA,StreamFlex,Entertainment,Purchase,15.99,Sample User
06/02/2025,06/03/2025,PARKING PLUS 450 GARAGE WAY METROPOLIS 94105 CA USA,Parking Plus,Other,Purchase,5.93,Sample User
06/01/2025,06/03/2025,METRO TRANSIT 1 TRANSIT WAY METROPOLIS 94101 CA USA,Metro Transit,Transportation,Purchase,7.87,Sample User
06/01/2025,06/03/2025,CITY RIDESHARE 400 TECH PARK DR METROPOLIS 94100 CA USA,City Rideshare,Transportation,Purchase,37.47,Sample User
05/31/2025,06/02/2025,GREENFIELD MARKET 1200 ORCHARD AVE SPRINGFIELD 90011 CA USA,Greenfield Market,Grocery,Purchase,23.33,Sample User
05/31/2025,06/02/2025,GREENFIELD MARKET 1200 ORCHARD AVE SPRINGFIELD 90011 CA USA,Greenfield Market,Grocery,Purchase,59.52,Sample User
05/30/2025,05/31/2025,GREENFIELD MARKET 1200 ORCHARD AVE SPRINGFIELD 90011 CA USA,Greenfield Market,Grocery,Purchase,74.96,Sample User
05/30/2025,05/31/2025,MEGAMART ONLINE 1 FULFILLMENT RD COMMERCE 98100 WA USA,MegaMart Online,Shopping,Purchase,94.46,Sample User
05/29/2025,05/31/2025,PARKING PLUS 450 GARAGE WAY METROPOLIS 94105 CA USA,Parking Plus,Other,Purchase,13.91,Sample User
05/28/2025,05/29/2025,PARKING PLUS 450 GARAGE WAY METROPOLIS 94105 CA USA,Parking Plus,Other,Purchase,7.40,Sample User
05/28/2025,05/30/2025,GREENFIELD MARKET 1200 ORCHARD AVE SPRINGFIELD 90011 CA USA,Greenfield Market,Grocery,Purchase,72.54,Sample User
05/27/2025,05/28/2025,SUNRISE DINER 5 HARBOR RD BAYSIDE 90501 CA USA,Sunrise Diner,Restaurants,Purchase,13.53,Sample User
05/27/2025,05/29/2025,TST*SUSHI GROVE 840 GARDEN WAY RIVERTON 90210 CA USA,Sushi Grove,Restaurants,Purchase,54.31,Sample User
05/26/2025,05/27/2025,HARVEST FOODS 450 MEADOW LN RIVERTON 90210 CA USA,Harvest Foods,Grocery,Purchase,40.43,Sample User
05/26/2025,05/27/2025,STYLE OUTLET 78 FASHION SQ RIVERTON 90210 CA USA,Style Outlet,Credit,Credit,-53.13,Sample User
05/25/2025,05/26/2025,GREENFIELD MARKET 1200 ORCHARD AVE SPRINGFIELD 90011 CA USA,Greenfield Market,Grocery,Purchase,54.10,Sample User
05/25/2025,05/27/2025,BURGER BARN 710 RANCH RD MESQUITE FLATS 85300 AZ USA,Burger Barn,Restaurants,Purchase,21.87,Sample User
05/24/2025,05/26/2025,SQ *COFFEE COLLECTIVE 61 STATION PLZ SPRINGFIELD 90012 CA USA,Coffee Collective,Restaurants,Purchase,8.83,Sample User
05/24/2025,05/25/2025,STYLE OUTLET 78 FASHION SQ RIVERTON 90210 CA USA,Style Outlet,Shopping,Purchase,113.51,Sample User
05/23/2025,05/25/2025,TST*NOODLE JUNCTION 901 CANAL ST SPRINGFIELD 90013 CA USA,Noodle Junction,Restaurants,Purchase,12.52,Sample User
05/23/2025,05/24/2025,SQ *COFFEE COLLECTIVE 61 STATION PLZ SPRINGFIELD 90012 CA USA,Coffee Collective,Restaurants,Purchase,9.51,Sample User
05/22/2025,05/23/2025,TST*NOODLE JUNCTION 901 CANAL ST SPRINGFIELD 90013 CA USA,Noodle Junction,Restaurants,Purchase,13.67,Sample User
05/21/2025,05/22/2025,TACO VERDE 2400 SUNSET BLVD RIVERTON 90210 CA USA,Taco Verde,Restaurants,Purchase,27.38,Sample User
05/20/2025,05/21/2025,TST*BLUE DOOR CAFE 18 MAIN ST SPRINGFIELD 90011 CA USA,Blue Door Cafe,Restaurants,Purchase,27.63,Sample User
05/19/2025,05/21/2025,TST*BLUE DOOR CAFE 18 MAIN ST SPRINGFIELD 90011 CA USA,Blue Door Cafe,Restaurants,Purchase,36.35,Sample User
05/19/2025,05/20/2025,TACO VERDE 2400 SUNSET BLVD RIVERTON 90210 CA USA,Taco Verde,Restaurants,Purchase,11.13,Sample User
05/18/2025,05/19/2025,MEGAMART ONLINE 1 FULFILLMENT RD COMMERCE 98100 WA USA,MegaMart Online,Shopping,Purchase,24.24,Sample User
05/18/2025,05/20/2025,STYLE OUTLET 78 FASHION SQ RIVERTON 90210 CA USA,Style Outlet,Shopping,Purchase,117.43,Sample User
05/18/2025,05/19/2025,FITPASS GYM 340 MUSCLE AVE SPRINGFIELD 90016 CA USA,FitPass Gym,Entertainment,Purchase,39.00,Sample User
05/17/2025,05/18/2025,MEGAMART ONLINE 1 FULFILLMENT RD COMMERCE 98100 WA USA,MegaMart Online,Shopping,Purchase,29.06,Sample User
05/17/2025,05/19/2025,CORNER GROCER 77 ELM ST SPRINGFIELD 90012 CA USA,Corner Grocer,Grocery,Purchase,11.88,Sample User
05/16/2025,05/18/2025,SUNRISE DINER 5 HARBOR RD BAYSIDE 90501 CA USA,Sunrise Diner,Restaurants,Purchase,42.16,Sample User
05/16/2025,05/18/2025,MEGAMART ONLINE 1 FULFILLMENT RD COMMERCE 98100 WA USA,MegaMart Online,Shopping,Purchase,38.01,Sample User
05/15/2025,05/17/2025,GREENFIELD MARKET 1200 ORCHARD AVE SPRINGFIELD 90011 CA USA,Greenfield Market,Grocery,Purchase,99.52,Sample User
05/14/2025,05/15/2025,BLUE SKY AIRLINES 200 AIRPORT LOOP MESQUITE FLATS 85301 AZ USA,Blue Sky Airlines,Airlines,Purchase,441.81,Sample User
05/13/2025,05/14/2025,CORNER GROCER 77 ELM ST SPRINGFIELD 90012 CA USA,Corner Grocer,Grocery,Purchase,11.81,Sample User
05/12/2025,05/13/2025,CINEMA PLAZA 95 PROMENADE SPRINGFIELD 90011 CA USA,Cinema Plaza,Entertainment,Purchase,12.59,Sample User
05/12/2025,05/13/2025,CLOUDNOTE PRO 25 SAAS ST METROPOLIS 94108 CA USA,CloudNote Pro,Other,Purchase,9.99,Sample User
05/11/2025,05/13/2025,METRO GAS 210 DEPOT ST RIVERTON 90210 CA USA,Metro Gas,Gas,Purchase,19.18,Sample User
05/11/2025,05/13/2025,CITY RIDESHARE 400 TECH PARK DR METROPOLIS 94100 CA USA,City Rideshare,Transportation,Purchase,9.28,Sample User
05/10/2025,05/11/2025,SUNRISE DINER 5 HARBOR RD BAYSIDE 90501 CA USA,Sunrise Diner,Restaurants,Purchase,24.40,Sample User
05/10/2025,05/12/2025,TST*BLUE DOOR CAFE 18 MAIN ST SPRINGFIELD 90011 CA USA,Blue Door Cafe,Restaurants,Purchase,8.53,Sample User
05/09/2025,05/11/2025,TACO VERDE 2400 SUNSET BLVD RIVERTON 90210 CA USA,Taco Verde,Restaurants,Purchase,12.71,Sample User
05/08/2025,05/09/2025,TACO VERDE 2400 SUNSET BLVD RIVERTON 90210 CA USA,Taco Verde,Restaurants,Purchase,19.37,Sample User
05/08/2025,05/10/2025,SUNRISE DINER 5 HARBOR RD BAYSIDE 90501 CA USA,Sunrise Diner,Restaurants,Purchase,13.76,Sample User
05/07/2025,05/08/2025,CITY BIKE SHARE 600 GREENWAY METROPOLIS 94102 CA USA,City Bike Share,Entertainment,Purchase,11.67,Sample User
05/06/2025,05/08/2025,SUNRISE DINER 5 HARBOR RD BAYSIDE 90501 CA USA,Sunrise Diner,Restaurants,Purchase,46.59,Sample User
05/05/2025,05/06/2025,TACO VERDE 2400 SUNSET BLVD RIVERTON 90210 CA USA,Taco Verde,Restaurants,Purchase,34.68,Sample User
05/05/2025,05/05/2025,GADGET DEPOT MONTHLY INSTALLMENT,Gadget Depot Installments,Installment,Installment,41.62,Sample User
05/05/2025,05/05/2025,ACH DEPOSIT INTERNET TRANSFER FROM ACCOUNT ENDING IN 1122,Ach Deposit Internet Transfer From Account Ending In 1122,Payment,Payment,-2000.00,Sample User
05/04/2025,05/05/2025,TST*NOODLE JUNCTION 901 CANAL ST SPRINGFIELD 90013 CA USA,Noodle Junction,Restaurants,Purchase,45.99,Sample User
05/04/2025,05/06/2025,BURGER BARN 710 RANCH RD MESQUITE FLATS 85300 AZ USA,Burger Barn,Restaurants,Purchase,22.18,Sample User
05/03/2025,05/04/2025,CITY RIDESHARE 400 TECH PARK DR METROPOLIS 94100 CA USA,City Rideshare,Transportation,Purchase,30.42,Sample User
05/03/2025,05/04/2025,GREENFIELD MARKET 1200 ORCHARD AVE SPRINGFIELD 90011 CA USA,Greenfield Market,Grocery,Purchase,37.98,Sample User
05/03/2025,05/04/2025,STREAMFLEX 500 MEDIA WAY METROPOLIS 94107 CA USA,StreamFlex,Entertainment,Purchase,15.99,Sample User
05/03/2025,05/04/2025,HARBORVIEW HOTEL 2 SEASIDE BLVD BAYSIDE 90501 CA USA,Harborview Hotel,Credit,Credit,-222.82,Sample User
05/02/2025,05/04/2025,GREENFIELD MARKET 1200 ORCHARD AVE SPRINGFIELD 90011 CA USA,Greenfield Market,Grocery,Purchase,94.12,Sample User
05/01/2025,05/03/2025,STYLE OUTLET 78 FASHION SQ RIVERTON 90210 CA USA,Style Outlet,Shopping,Purchase,90.60,Sample User
04/30/2025,05/01/2025,SQ *COFFEE COLLECTIVE 61 STATION PLZ SPRINGFIELD 90012 CA USA,Coffee Collective,Restaurants,Purchase,8.51,Sample User
04/29/2025,05/01/2025,MEGAMART ONLINE 1 FULFILLMENT RD COMMERCE 98100 WA USA,MegaMart Online,Shopping,Purchase,21.99,Sample User
04/29/2025,05/01/2025,GADGET DEPOT 512 CIRCUIT DR METROPOLIS 94103 CA USA,Gadget Depot,Shopping,Purchase,220.36,Sample User
04/28/2025,04/30/2025,SUNRISE DINER 5 HARBOR RD BAYSIDE 90501 CA USA,Sunrise Diner,Restaurants,Purchase,39.41,Sample User
04/27/2025,04/29/2025,GREENFIELD MARKET 1200 ORCHARD AVE SPRINGFIELD 90011 CA USA,Greenfield Market,Grocery,Purchase,23.44,Sample User
04/27/2025,04/29/2025,ROADSTAR FUEL 1500 HIGHWAY 9 SPRINGFIELD 90014 CA USA,Roadstar Fuel,Gas,Purchase,27.81,Sample User
04/26/2025,04/27/2025,TST*NOODLE JUNCTION 901 CANAL ST SPRINGFIELD 90013 CA USA,Noodle Junction,Restaurants,Purchase,17.70,Sample User
04/26/2025,04/27/2025,SUNRISE DINER 5 HARBOR RD BAYSIDE 90501 CA USA,Sunrise Diner,Restaurants,Purchase,38.07,Sample User
04/26/2025,04/27/2025,SQ *COFFEE COLLECTIVE 61 STATION PLZ SPRINGFIELD 90012 CA USA,Coffee Collective,Restaurants,Purchase,5.10,Sample User
04/25/2025,04/26/2025,GREENFIELD MARKET 1200 ORCHARD AVE SPRINGFIELD 90011 CA USA,Greenfield Market,Grocery,Purchase,10.45,Sample User
04/24/2025,04/26/2025,GREENFIELD MARKET 1200 ORCHARD AVE SPRINGFIELD 90011 CA USA,Greenfield Market,Grocery,Purchase,81.44,Sample User
04/23/2025,04/24/2025,TST*BLUE DOOR CAFE 18 MAIN ST SPRINGFIELD 90011 CA USA,Blue Door Cafe,Restaurants,Purchase,21.82,Sample User
04/22/2025,04/23/2025,BURGER BARN 710 RANCH RD MESQUITE FLATS 85300 AZ USA,Burger Barn,Restaurants,Purchase,28.61,Sample User
04/21/2025,04/23/2025,METRO GAS 210 DEPOT ST RIVERTON 90210 CA USA,Metro Gas,Gas,Purchase,32.55,Sample User
04/20/2025,04/21/2025,CITY RIDESHARE 400 TECH PARK DR METROPOLIS 94100 CA USA,City Rideshare,Transportation,Purchase,10.23,Sample User
04/20/2025,04/22/2025,CORNER GROCER 77 ELM ST SPRINGFIELD 90012 CA USA,Corner Grocer,Grocery,Purchase,14.50,Sample User
04/20/2025,04/22/2025,TACO VERDE 2400 SUNSET BLVD RIVERTON 90210 CA USA,Taco Verde,Restaurants,Purchase,16.31,Sample User
04/19/2025,04/20/2025,ROADSTAR FUEL 1500 HIGHWAY 9 SPRINGFIELD 90014 CA USA,Roadstar Fuel,Gas,Purchase,52.80,Sample User
04/19/2025,04/20/2025,ROADSTAR FUEL 1500 HIGHWAY 9 SPRINGFIELD 90014 CA USA,Roadstar Fuel,Gas,Purchase,38.17,Sample User
04/18/2025,04/20/2025,CINEMA PLAZA 95 PROMENADE SPRINGFIELD 90011 CA USA,Cinema Plaza,Entertainment,Purchase,22.76,Sample User
04/18/2025,04/19/2025,FITPASS GYM 340 MUSCLE AVE SPRINGFIELD 90016 CA USA,FitPass Gym,Entertainment,Purchase,39.00,Sample User
04/17/2025,04/18/2025,CITY PHARMACY 88 MAIN ST SPRINGFIELD 90011 CA USA,City Pharmacy,Medical,Purchase,17.91,Sample User
04/17/2025,04/19/2025,CITY BIKE SHARE 600 GREENWAY METROPOLIS 94102 CA USA,City Bike Share,Entertainment,Purchase,9.75,Sample User
04/16/2025,04/17/2025,ROADSTAR FUEL 1500 HIGHWAY 9 SPRINGFIELD 90014 CA USA,Roadstar Fuel,Gas,Purchase,40.79,Sample User
04/16/2025,04/17/2025,SQ *COFFEE COLLECTIVE 61 STATION PLZ SPRINGFIELD 90012 CA USA,Coffee Collective,Restaurants,Purchase,4.47,Sample User
04/15/2025,04/17/2025,GREENFIELD MARKET 1200 ORCHARD AVE SPRINGFIELD 90011 CA USA,Greenfield Market,Grocery,Purchase,94.07,Sample User
04/15/2025,04/17/2025,TST*NOODLE JUNCTION 901 CANAL ST SPRINGFIELD 90013 CA USA,Noodle Junction,Restaurants,Purchase,16.60,Sample User
04/14/2025,04/15/2025,EXPRESS TOLL PO BOX 100 METROPOLIS 94106 CA USA,Express Toll,Tolls,Purchase,11.09,Sample User
04/13/2025,04/14/2025,GREENFIELD MARKET 1200 ORCHARD AVE SPRINGFIELD 90011 CA USA,Greenfield Market,Grocery,Purchase,52.65,Sample User
04/13/2025,04/15/2025,TST*SUSHI GROVE 840 GARDEN WAY RIVERTON 90210 CA USA,Sushi Grove,Restaurants,Purchase,41.41,Sample User
04/12/2025,04/13/2025,MEGAMART ONLINE 1 FULFILLMENT RD COMMERCE 98100 WA USA,MegaMart Online,Shopping,Purchase,173.92,Sample User
04/12/2025,04/13/2025,CITY PHARMACY 88 MAIN ST SPRINGFIELD 90011 CA USA,City Pharmacy,Medical,Purchase,11.58,Sample User
04/12/2025,04/13/2025,CLOUDNOTE PRO 25 SAAS ST METROPOLIS 94108 CA USA,CloudNote Pro,Other,Purchase,9.99,Sample User
04/11/2025,04/12/2025,TST*NOODLE JUNCTION 901 CANAL ST SPRINGFIELD 90013 CA USA,Noodle Junction,Restaurants,Purchase,32.53,Sample User
04/10/2025,04/11/2025,CORNER GROCER 77 ELM ST SPRINGFIELD 90012 CA USA,Corner Grocer,Grocery,Purchase,7.30,Sample User
04/10/2025,04/12/2025,PARKING PLUS 450 GARAGE WAY METROPOLIS 94105 CA USA,Parking Plus,Other,Purchase,18.25,Sample User
04/09/2025,04/11/2025,PIZZA PIAZZA 333 OAK AVE SPRINGFIELD 90011 CA USA,Pizza Piazza,Restaurants,Purchase,46.86,Sample User
04/08/2025,04/09/2025,SQ *COFFEE COLLECTIVE 61 STATION PLZ SPRINGFIELD 90012 CA USA,Coffee Collective,Restaurants,Purchase,6.53,Sample User
04/07/2025,04/08/2025,HARVEST FOODS 450 MEADOW LN RIVERTON 90210 CA USA,Harvest Foods,Grocery,Purchase,52.03,Sample User
04/06/2025,04/07/2025,HARVEST FOODS 450 MEADOW LN RIVERTON 90210 CA USA,Harvest Foods,Grocery,Purchase,88.33,Sample User
04/06/2025,04/07/2025,HARVEST FOODS 450 MEADOW LN RIVERTON 90210 CA USA,Harvest Foods,Grocery,Purchase,56.58,Sample User
04/05/2025,04/06/2025,SQ *COFFEE COLLECTIVE 61 STATION PLZ SPRINGFIELD 90012 CA USA,Coffee Collective,Restaurants,Purchase,7.09,Sample User
04/05/2025,04/07/2025,TST*BLUE DOOR CAFE 18 MAIN ST SPRINGFIELD 90011 CA USA,Blue Door Cafe,Restaurants,Purchase,27.72,Sample User
04/05/2025,04/05/2025,GADGET DEPOT MONTHLY INSTALLMENT,Gadget Depot Installments,Installment,Installment,41.62,Sample User
04/05/2025,04/05/2025,ACH DEPOSIT INTERNET TRANSFER FROM ACCOUNT ENDING IN 1122,Ach Deposit Internet Transfer From Account Ending In 1122,Payment,Payment,-1850.00,Sample User
04/04/2025,04/06/2025,SUMMIT LODGE 9000 ALPINE RD SUMMIT VALE 80400 CO USA,Summit Lodge,Hotels,Purchase,298.12,Sample User
04/03/2025,04/04/2025,CORNER GROCER 77 ELM ST SPRINGFIELD 90012 CA USA,Corner Grocer,Grocery,Purchase,42.04,Sample User
04/03/2025,04/04/2025,STREAMFLEX 500 MEDIA WAY METROPOLIS 94107 CA USA,StreamFlex,Entertainment,Purchase,15.99,Sample User
04/02/2025,04/04/2025,CORNER GROCER 77 ELM ST SPRINGFIELD 90012 CA USA,Corner Grocer,Grocery,Purchase,7.83,Sample User
04/02/2025,04/04/2025,TST*BLUE DOOR CAFE 18 MAIN ST SPRINGFIELD 90011 CA USA,Blue Door Cafe,Restaurants,Purchase,11.31,Sample User
04/01/2025,04/02/2025,CORNER GROCER 77 ELM ST SPRINGFIELD 90012 CA USA,Corner Grocer,Grocery,Purchase,22.87,Sample User
03/31/2025,04/01/2025,EXPRESS TOLL PO BOX 100 METROPOLIS 94106 CA USA,Express Toll,Tolls,Purchase,2.43,Sample User
03/31/2025,04/01/2025,GREENFIELD MARKET 1200 ORCHARD AVE SPRINGFIELD 90011 CA USA,Greenfield Market,Grocery,Purchase,10.13,Sample User
03/30/2025,04/01/2025,BURGER BARN 710 RANCH RD MESQUITE FLATS 85300 AZ USA,Burger Barn,Restaurants,Purchase,23.22,Sample User
03/30/2025,04/01/2025,CORNER GROCER 77 ELM ST SPRINGFIELD 90012 CA USA,Corner Grocer,Grocery,Purchase,4.76,Sample User
03/30/2025,03/31/2025,SUNRISE DINER 5 HARBOR RD BAYSIDE 90501 CA USA,Sunrise Diner,Restaurants,Purchase,17.78,Sample User
03/29/2025,03/30/2025,CITY RIDESHARE 400 TECH PARK DR METROPOLIS 94100 CA USA,City Rideshare,Transportation,Purchase,19.80,Sample User
03/29/2025,03/30/2025,CORNER GROCER 77 ELM ST SPRINGFIELD 90012 CA USA,Corner Grocer,Grocery,Purchase,21.82,Sample User
03/28/2025,03/30/2025,SQ *COFFEE COLLECTIVE 61 STATION PLZ SPRINGFIELD 90012 CA USA,Coffee Collective,Restaurants,Purchase,6.67,Sample User
03/28/2025,03/29/2025,METRO TRANSIT 1 TRANSIT WAY METROPOLIS 94101 CA USA,Metro Transit,Transportation,Purchase,5.11,Sample User
03/27/2025,03/29/2025,TST*BLUE DOOR CAFE 18 MAIN ST SPRINGFIELD 90011 CA USA,Blue Door Cafe,Restaurants,Purchase,16.57,Sample User
03/27/2025,03/29/2025,METRO TRANSIT 1 TRANSIT WAY METROPOLIS 94101 CA USA,Metro Transit,Transportation,Purchase,4.67,Sample User
03/26/2025,03/28/2025,SQ *COFFEE COLLECTIVE 61 STATION PLZ SPRINGFIELD 90012 CA USA,Coffee Collective,Restaurants,Purchase,4.23,Sample User
03/25/2025,03/26/2025,BURGER BARN 710 RANCH RD MESQUITE FLATS 85300 AZ USA,Burger Barn,Restaurants,Purchase,28.18,Sample User
03/25/2025,03/26/2025,FUN ZONE ARCADE 22 PIER AVE BAYSIDE 90501 CA USA,Fun Zone Arcade,Entertainment,Purchase,47.03,Sample User
03/24/2025,03/26/2025,TST*SUSHI GROVE 840 GARDEN WAY RIVERTON 90210 CA USA,Sushi Grove,Restaurants,Purchase,40.52,Sample User
03/24/2025,03/26/2025,CORNER GROCER 77 ELM ST SPRINGFIELD 90012 CA USA,Corner Grocer,Grocery,Purchase,18.98,Sample User
03/23/2025,03/25/2025,SQ *COFFEE COLLECTIVE 61 STATION PLZ SPRINGFIELD 90012 CA USA,Coffee Collective,Restaurants,Purchase,4.74,Sample User
03/23/2025,03/25/2025,PARKING PLUS 450 GARAGE WAY METROPOLIS 94105 CA USA,Parking Plus,Other,Purchase,11.56,Sample User
03/22/2025,03/23/2025,TST*BLUE DOOR CAFE 18 MAIN ST SPRINGFIELD 90011 CA USA,Blue Door Cafe,Restaurants,Purchase,15.71,Sample User
03/22/2025,03/24/2025,CITY RIDESHARE 400 TECH PARK DR METROPOLIS 94100 CA USA,City Rideshare,Transportation,Purchase,20.73,Sample User
03/21/2025,03/22/2025,MEGAMART ONLINE 1 FULFILLMENT RD COMMERCE 98100 WA USA,MegaMart Online,Shopping,Purchase,137.36,Sample User
03/20/2025,03/21/2025,TACO VERDE 2400 SUNSET BLVD RIVERTON 90210 CA USA,Taco Verde,Restaurants,Purchase,23.47,Sample User
03/20/2025,03/21/2025,CITY BIKE SHARE 600 GREENWAY METROPOLIS 94102 CA USA,City Bike Share,Entertainment,Purchase,14.98,Sample User
03/19/2025,03/20/2025,TST*BLUE DOOR CAFE 18 MAIN ST SPRINGFIELD 90011 CA USA,Blue Door Cafe,Restaurants,Purchase,14.39,Sample User
03/18/2025,03/19/2025,GREENFIELD MARKET 1200 ORCHARD AVE SPRINGFIELD 90011 CA USA,Greenfield Market,Grocery,Purchase,128.66,Sample User
03/18/2025,03/19/2025,VINE & BARREL 17 CELLAR ROW RIVERTON 90210 CA USA,Vine & Barrel,Alcohol,Purchase,25.42,Sample User
03/18/2025,03/19/2025,FITPASS GYM 340 MUSCLE AVE SPRINGFIELD 90016 CA USA,FitPass Gym,Entertainment,Purchase,39.00,Sample User
03/17/2025,03/18/2025,ROADSTAR FUEL 1500 HIGHWAY 9 SPRINGFIELD 90014 CA USA,Roadstar Fuel,Gas,Purchase,23.23,Sample User
03/16/2025,03/18/2025,MEGAMART ONLINE 1 FULFILLMENT RD COMMERCE 98100 WA USA,MegaMart Online,Shopping,Purchase,115.70,Sample User
03/16/2025,03/17/2025,GREENFIELD MARKET 1200 ORCHARD AVE SPRINGFIELD 90011 CA USA,Greenfield Market,Grocery,Purchase,62.82,Sample User
03/15/2025,03/16/2025,GREENFIELD MARKET 1200 ORCHARD AVE SPRINGFIELD 90011 CA USA,Greenfield Market,Grocery,Purchase,20.35,Sample User
03/15/2025,03/17/2025,MEGAMART ONLINE 1 FULFILLMENT RD COMMERCE 98100 WA USA,MegaMart Online,Shopping,Purchase,114.18,Sample User
03/14/2025,03/15/2025,BURGER BARN 710 RANCH RD MESQUITE FLATS 85300 AZ USA,Burger Barn,Restaurants,Purchase,21.76,Sample User
03/14/2025,03/15/2025,PACIFIC AIR 100 SKYWAY METROPOLIS 94104 CA USA,Pacific Air,Credit,Credit,-170.53,Sample User
03/13/2025,03/14/2025,TST*BLUE DOOR CAFE 18 MAIN ST SPRINGFIELD 90011 CA USA,Blue Door Cafe,Restaurants,Purchase,19.53,Sample User
03/13/2025,03/15/2025,METRO TRANSIT 1 TRANSIT WAY METROPOLIS 94101 CA USA,Metro Transit,Transportation,Purchase,8.87,Sample User
03/12/2025,03/13/2025,CORNER GROCER 77 ELM ST SPRINGFIELD 90012 CA USA,Corner Grocer,Grocery,Purchase,7.83,Sample User
03/12/2025,03/13/2025,CLOUDNOTE PRO 25 SAAS ST METROPOLIS 94108 CA USA,CloudNote Pro,Other,Purchase,9.99,Sample User
03/11/2025,03/12/2025,SPEEDY CAR RENTAL 300 AIRPORT LOOP MESQUITE FLATS 85301 AZ USA,Speedy Car Rental,Car-rentals,Purchase,202.90,Sample User
03/10/2025,03/11/2025,CITY RIDESHARE 400 TECH PARK DR METROPOLIS 94100 CA USA,City Rideshare,Transportation,Purchase,33.29,Sample User
03/09/2025,03/10/2025,CITY BIKE SHARE 600 GREENWAY METROPOLIS 94102 CA USA,City Bike Share,Entertainment,Purchase,15.99,Sample User
03/09/2025,03/11/2025,SQ *COFFEE COLLECTIVE 61 STATION PLZ SPRINGFIELD 90012 CA USA,Coffee Collective,Restaurants,Purchase,6.89,Sample User
03/08/2025,03/09/2025,TST*BLUE DOOR CAFE 18 MAIN ST SPRINGFIELD 90011 CA USA,Blue Door Cafe,Restaurants,Purchase,20.67,Sample User
03/08/2025,03/10/2025,TST*BLUE DOOR CAFE 18 MAIN ST SPRINGFIELD 90011 CA USA,Blue Door Cafe,Restaurants,Purchase,23.06,Sample User
03/08/2025,03/10/2025,CINEMA PLAZA 95 PROMENADE SPRINGFIELD 90011 CA USA,Cinema Plaza,Entertainment,Purchase,24.63,Sample User
03/07/2025,03/09/2025,PARKING PLUS 450 GARAGE WAY METROPOLIS 94105 CA USA,Parking Plus,Other,Purchase,21.38,Sample User
03/06/2025,03/07/2025,TACO VERDE 2400 SUNSET BLVD RIVERTON 90210 CA USA,Taco Verde,Restaurants,Purchase,36.51,Sample User
03/05/2025,03/07/2025,MEGAMART ONLINE 1 FULFILLMENT RD COMMERCE 98100 WA USA,MegaMart Online,Shopping,Purchase,83.50,Sample User
03/05/2025,03/05/2025,GADGET DEPOT MONTHLY INSTALLMENT,Gadget Depot Installments,Installment,Installment,41.62,Sample User
03/05/2025,03/05/2025,ACH DEPOSIT INTERNET TRANSFER FROM ACCOUNT ENDING IN 1122,Ach Deposit Internet Transfer From Account Ending In 1122,Payment,Payment,-1850.00,Sample User
03/04/2025,03/06/2025,CORNER GROCER 77 ELM ST SPRINGFIELD 90012 CA USA,Corner Grocer,Grocery,Purchase,25.60,Sample User
03/03/2025,03/05/2025,SQ *COFFEE COLLECTIVE 61 STATION PLZ SPRINGFIELD 90012 CA USA,Coffee Collective,Restaurants,Purchase,4.93,Sample User
03/03/2025,03/04/2025,STREAMFLEX 500 MEDIA WAY METROPOLIS 94107 CA USA,StreamFlex,Entertainment,Purchase,15.99,Sample User
03/02/2025,03/04/2025,TST*BLUE DOOR CAFE 18 MAIN ST SPRINGFIELD 90011 CA USA,Blue Door Cafe,Restaurants,Purchase,16.79,Sample User
03/02/2025,03/03/2025,TST*BLUE DOOR CAFE 18 MAIN ST SPRINGFIELD 90011 CA USA,Blue Door Cafe,Restaurants,Purchase,12.74,Sample User
03/02/2025,03/03/2025,GREENFIELD MARKET 1200 ORCHARD AVE SPRINGFIELD 90011 CA USA,Greenfield Market,Grocery,Purchase,135.35,Sample User
03/01/2025,03/02/2025,SQ *COFFEE COLLECTIVE 61 STATION PLZ SPRINGFIELD 90012 CA USA,Coffee Collective,Restaurants,Purchase,5.25,Sample User
03/01/2025,03/02/2025,FUN ZONE ARCADE 22 PIER AVE BAYSIDE 90501 CA USA,Fun Zone Arcade,Entertainment,Purchase,50.67,Sample User
02/28/2025,03/01/2025,METRO GAS 210 DEPOT ST RIVERTON 90210 CA USA,Metro Gas,Gas,Purchase,40.77,Sample User
02/27/2025,03/01/2025,VINE & BARREL 17 CELLAR ROW RIVERTON 90210 CA USA,Vine & Barrel,Alcohol,Purchase,31.44,Sample User
02/26/2025,02/27/2025,HARVEST FOODS 450 MEADOW LN RIVERTON 90210 CA USA,Harvest Foods,Grocery,Purchase,48.82,Sample User
02/25/2025,02/26/2025,TST*NOODLE JUNCTION 901 CANAL ST SPRINGFIELD 90013 CA USA,Noodle Junction,Restaurants,Purchase,33.52,Sample User
02/25/2025,02/26/2025,TST*BLUE DOOR CAFE 18 MAIN ST SPRINGFIELD 90011 CA USA,Blue Door Cafe,Restaurants,Purchase,25.24,Sample User
02/24/2025,02/25/2025,TST*NOODLE JUNCTION 901 CANAL ST SPRINGFIELD 90013 CA USA,Noodle Junction,Restaurants,Purchase,22.00,Sample User
02/23/2025,02/24/2025,BURGER BARN 710 RANCH RD MESQUITE FLATS 85300 AZ USA,Burger Barn,Restaurants,Purchase,16.61,Sample User
02/23/2025,02/24/2025,PIZZA PIAZZA 333 OAK AVE SPRINGFIELD 90011 CA USA,Pizza Piazza,Restaurants,Purchase,42.23,Sample User
02/23/2025,02/24/2025,MEGAMART ONLINE 1 FULFILLMENT RD COMMERCE 98100 WA USA,MegaMart Online,Credit,Credit,-56.57,Sample User
02/22/2025,02/24/2025,CITY PARKING METERS CITY HALL SPRINGFIELD 90011 CA USA,City Parking Meters,Govt-services-parking,Purchase,5.10,Sample User
02/22/2025,02/24/2025,GREENFIELD MARKET 1200 ORCHARD AVE SPRINGFIELD 90011 CA USA,Greenfield Market,Grocery,Purchase,58.30,Sample User
02/22/2025,02/23/2025,TST*NOODLE JUNCTION 901 CANAL ST SPRINGFIELD 90013 CA USA,Noodle Junction,Restaurants,Purchase,21.28,Sample User
02/21/2025,02/22/2025,PARKING PLUS 450 GARAGE WAY METROPOLIS 94105 CA USA,Parking Plus,Other,Purchase,9.06,Sample User
02/20/2025,02/22/2025,GREENFIELD MARKET 1200 ORCHARD AVE SPRINGFIELD 90011 CA USA,Greenfield Market,Grocery,Purchase,87.04,Sample User
02/19/2025,02/20/2025,MEGAMART ONLINE 1 FULFILLMENT RD COMMERCE 98100 WA USA,MegaMart Online,Shopping,Purchase,167.99,Sample User
02/19/2025,02/21/2025,GREENFIELD MARKET 1200 ORCHARD AVE SPRINGFIELD 90011 CA USA,Greenfield Market,Grocery,Purchase,71.05,Sample User
02/18/2025,02/19/2025,STYLE OUTLET 78 FASHION SQ RIVERTON 90210 CA USA,Style Outlet,Shopping,Purchase,143.80,Sample User
02/18/2025,02/19/2025,SQ *COFFEE COLLECTIVE 61 STATION PLZ SPRINGFIELD 90012 CA USA,Coffee Collective,Restaurants,Purchase,15.21,Sample User
02/18/2025,02/19/2025,FITPASS GYM 340 MUSCLE AVE SPRINGFIELD 90016 CA USA,FitPass Gym,Entertainment,Purchase,39.00,Sample User
02/17/2025,02/19/2025,BURGER BARN 710 RANCH RD MESQUITE FLATS 85300 AZ USA,Burger Barn,Restaurants,Purchase,27.70,Sample User
02/16/2025,02/18/2025,CITY BIKE SHARE 600 GREENWAY METROPOLIS 94102 CA USA,City Bike Share,Entertainment,Purchase,9.28,Sample User
02/16/2025,02/17/2025,CITY RIDESHARE 400 TECH PARK DR METROPOLIS 94100 CA USA,City Rideshare,Transportation,Purchase,17.28,Sample User
02/15/2025,02/17/2025,PIZZA PIAZZA 333 OAK AVE SPRINGFIELD 90011 CA USA,Pizza Piazza,Restaurants,Purchase,20.23,Sample User
02/15/2025,02/16/2025,ROADSTAR FUEL 1500 HIGHWAY 9 SPRINGFIELD 90014 CA USA,Roadstar Fuel,Gas,Purchase,32.67,Sample User
02/15/2025,02/16/2025,CITY PHARMACY 88 MAIN ST SPRINGFIELD 90011 CA USA,City Pharmacy,Medical,Purchase,21.35,Sample User
02/14/2025,02/16/2025,PIZZA PIAZZA 333 OAK AVE SPRINGFIELD 90011 CA USA,Pizza Piazza,Restaurants,Purchase,43.37,Sample User
02/13/2025,02/15/2025,PIZZA PIAZZA 333 OAK AVE SPRINGFIELD 90011 CA USA,Pizza Piazza,Restaurants,Purchase,27.35,Sample User
02/12/2025,02/14/2025,CITY RIDESHARE 400 TECH PARK DR METROPOLIS 94100 CA USA,City Rideshare,Transportation,Purchase,24.30,Sample User
02/12/2025,02/13/2025,CLOUDNOTE PRO 25 SAAS ST METROPOLIS 94108 CA USA,CloudNote Pro,Other,Purchase,9.99,Sample User
02/11/2025,02/12/2025,BURGER BARN 710 RANCH RD MESQUITE FLATS 85300 AZ USA,Burger Barn,Restaurants,Purchase,18.20,Sample User
02/11/2025,02/12/2025,ROADSTAR FUEL 1500 HIGHWAY 9 SPRINGFIELD 90014 CA USA,Roadstar Fuel,Gas,Purchase,63.46,Sample User
02/10/2025,02/11/2025,SUNRISE DINER 5 HARBOR RD BAYSIDE 90501 CA USA,Sunrise Diner,Restaurants,Purchase,44.32,Sample User
02/09/2025,02/10/2025,PARKING PLUS 450 GARAGE WAY METROPOLIS 94105 CA USA,Parking Plus,Other,Purchase,15.54,Sample User
02/09/2025,02/10/2025,GREENFIELD MARKET 1200 ORCHARD AVE SPRINGFIELD 90011 CA USA,Greenfield Market,Grocery,Purchase,100.22,Sample User
02/08/2025,02/09/2025,CORNER GROCER 77 ELM ST SPRINGFIELD 90012 CA USA,Corner Grocer,Grocery,Purchase,38.66,Sample User
02/08/2025,02/09/2025,HARVEST FOODS 450 MEADOW LN RIVERTON 90210 CA USA,Harvest Foods,Grocery,Purchase,82.78,Sample User
02/07/2025,02/09/2025,BURGER BARN 710 RANCH RD MESQUITE FLATS 85300 AZ USA,Burger Barn,Restaurants,Purchase,26.05,Sample User
02/07/2025,02/09/2025,CITY RIDESHARE 400 TECH PARK DR METROPOLIS 94100 CA USA,City Rideshare,Transportation,Purchase,14.38,Sample User
02/06/2025,02/08/2025,GREENFIELD MARKET 1200 ORCHARD AVE SPRINGFIELD 90011 CA USA,Greenfield Market,Grocery,Purchase,53.09,Sample User
02/05/2025,02/07/2025,PIZZA PIAZZA 333 OAK AVE SPRINGFIELD 90011 CA USA,Pizza Piazza,Restaurants,Purchase,54.50,Sample User
02/05/2025,02/05/2025,GADGET DEPOT MONTHLY INSTALLMENT,Gadget Depot Installments,Installment,Installment,41.62,Sample User
02/05/2025,02/05/2025,ACH DEPOSIT INTERNET TRANSFER FROM ACCOUNT ENDING IN 1122,Ach Deposit Internet Transfer From Account Ending In 1122,Payment,Payment,-2430.00,Sample User
02/04/2025,02/06/2025,SUNRISE DINER 5 HARBOR RD BAYSIDE 90501 CA USA,Sunrise Diner,Restaurants,Purchase,37.02,Sample User
02/03/2025,02/05/2025,HARVEST FOODS 450 MEADOW LN RIVERTON 90210 CA USA,Harvest Foods,Grocery,Purchase,36.00,Sample User
02/03/2025,02/04/2025,STREAMFLEX 500 MEDIA WAY METROPOLIS 94107 CA USA,StreamFlex,Entertainment,Purchase,15.99,Sample User
02/02/2025,02/03/2025,GREENFIELD MARKET 1200 ORCHARD AVE SPRINGFIELD 90011 CA USA,Greenfield Market,Grocery,Purchase,61.13,Sample User
02/02/2025,02/04/2025,BURGER BARN 710 RANCH RD MESQUITE FLATS 85300 AZ USA,Burger Barn,Restaurants,Purchase,15.48,Sample User
02/02/2025,02/04/2025,BURGER BARN 710 RANCH RD MESQUITE FLATS 85300 AZ USA,Burger Barn,Restaurants,Purchase,14.87,Sample User
02/01/2025,02/02/2025,BURGER BARN 710 RANCH RD MESQUITE FLATS 85300 AZ USA,Burger Barn,Restaurants,Purchase,29.75,Sample User
02/01/2025,02/02/2025,SQ *COFFEE COLLECTIVE 61 STATION PLZ SPRINGFIELD 90012 CA USA,Coffee Collective,Restaurants,Purchase,12.11,Sample User
01/31/2025,02/01/2025,CITY PARKING METERS CITY HALL SPRINGFIELD 90011 CA USA,City Parking Meters,Govt-services-parking,Purchase,5.78,Sample User
01/30/2025,02/01/2025,GREENFIELD MARKET 1200 ORCHARD AVE SPRINGFIELD 90011 CA USA,Greenfield Market,Grocery,Purchase,134.80,Sample User
01/29/2025,01/31/2025,MEGAMART ONLINE 1 FULFILLMENT RD COMMERCE 98100 WA USA,MegaMart Online,Shopping,Purchase,48.27,Sample User
01/29/2025,01/31/2025,MEGAMART ONLINE 1 FULFILLMENT RD COMMERCE 98100 WA USA,MegaMart Online,Shopping,Purchase,122.22,Sample User
01/28/2025,01/29/2025,GREENFIELD MARKET 1200 ORCHARD AVE SPRINGFIELD 90011 CA USA,Greenfield Market,Grocery,Purchase,68.92,Sample User
01/28/2025,01/29/2025,GREENFIELD MARKET 1200 ORCHARD AVE SPRINGFIELD 90011 CA USA,Greenfield Market,Grocery,Purchase,10.00,Sample User
01/27/2025,01/29/2025,ROADSTAR FUEL 1500 HIGHWAY 9 SPRINGFIELD 90014 CA USA,Roadstar Fuel,Gas,Purchase,65.67,Sample User
01/27/2025,01/29/2025,PIZZA PIAZZA 333 OAK AVE SPRINGFIELD 90011 CA USA,Pizza Piazza,Restaurants,Purchase,54.30,Sample User
01/26/2025,01/27/2025,BURGER BARN 710 RANCH RD MESQUITE FLATS 85300 AZ USA,Burger Barn,Restaurants,Purchase,17.26,Sample User
01/26/2025,01/27/2025,CORNER GROCER 77 ELM ST SPRINGFIELD 90012 CA USA,Corner Grocer,Grocery,Purchase,21.52,Sample User
01/25/2025,01/27/2025,QUICK PRINT SHOP 12 COPY LN SPRINGFIELD 90012 CA USA,Quick Print Shop,Other,Purchase,24.89,Sample User
01/25/2025,01/26/2025,GREENFIELD MARKET 1200 ORCHARD AVE SPRINGFIELD 90011 CA USA,Greenfield Market,Grocery,Purchase,28.24,Sample User
01/24/2025,01/25/2025,ROADSTAR FUEL 1500 HIGHWAY 9 SPRINGFIELD 90014 CA USA,Roadstar Fuel,Gas,Purchase,26.28,Sample User
01/23/2025,01/24/2025,CITY PHARMACY 88 MAIN ST SPRINGFIELD 90011 CA USA,City Pharmacy,Medical,Purchase,29.05,Sample User
01/23/2025,01/25/2025,GREENFIELD MARKET 1200 ORCHARD AVE SPRINGFIELD 90011 CA USA,Greenfield Market,Grocery,Purchase,122.61,Sample User
01/22/2025,01/24/2025,ROADSTAR FUEL 1500 HIGHWAY 9 SPRINGFIELD 90014 CA USA,Roadstar Fuel,Gas,Purchase,41.60,Sample User
01/21/2025,01/23/2025,TACO VERDE 2400 SUNSET BLVD RIVERTON 90210 CA USA,Taco Verde,Restaurants,Purchase,37.48,Sample User
01/21/2025,01/22/2025,TACO VERDE 2400 SUNSET BLVD RIVERTON 90210 CA USA,Taco Verde,Restaurants,Purchase,26.61,Sample User
01/20/2025,01/21/2025,SQ *COFFEE COLLECTIVE 61 STATION PLZ SPRINGFIELD 90012 CA USA,Coffee Collective,Restaurants,Purchase,8.39,Sample User
01/20/2025,01/21/2025,HARVEST FOODS 450 MEADOW LN RIVERTON 90210 CA USA,Harvest Foods,Grocery,Purchase,84.11,Sample User
01/19/2025,01/20/2025,TACO VERDE 2400 SUNSET BLVD RIVERTON 90210 CA USA,Taco Verde,Restaurants,Purchase,21.52,Sample User
01/19/2025,01/20/2025,MEGAMART ONLINE 1 FULFILLMENT RD COMMERCE 98100 WA USA,MegaMart Online,Shopping,Purchase,104.85,Sample User
01/18/2025,01/19/2025,GREENFIELD MARKET 1200 ORCHARD AVE SPRINGFIELD 90011 CA USA,Greenfield Market,Grocery,Purchase,14.18,Sample User
01/18/2025,01/19/2025,PIZZA PIAZZA 333 OAK AVE SPRINGFIELD 90011 CA USA,Pizza Piazza,Restaurants,Purchase,48.51,Sample User
01/18/2025,01/19/2025,FITPASS GYM 340 MUSCLE AVE SPRINGFIELD 90016 CA USA,FitPass Gym,Entertainment,Purchase,39.00,Sample User
01/17/2025,01/19/2025,QUICK PRINT SHOP 12 COPY LN SPRINGFIELD 90012 CA USA,Quick Print Shop,Other,Purchase,23.74,Sample User
01/16/2025,01/18/2025,CITY RIDESHARE 400 TECH PARK DR METROPOLIS 94100 CA USA,City Rideshare,Transportation,Purchase,8.57,Sample User
01/16/2025,01/17/2025,TST*BLUE DOOR CAFE 18 MAIN ST SPRINGFIELD 90011 CA USA,Blue Door Cafe,Restaurants,Purchase,15.28,Sample User
01/15/2025,01/17/2025,METRO TRANSIT 1 TRANSIT WAY METROPOLIS 94101 CA USA,Metro Transit,Transportation,Purchase,2.51,Sample User
01/14/2025,01/16/2025,FUN ZONE ARCADE 22 PIER AVE BAYSIDE 90501 CA USA,Fun Zone Arcade,Entertainment,Purchase,46.10,Sample User
01/13/2025,01/15/2025,MEGAMART ONLINE 1 FULFILLMENT RD COMMERCE 98100 WA USA,MegaMart Online,Shopping,Purchase,35.82,Sample User
01/12/2025,01/14/2025,CITY RIDESHARE 400 TECH PARK DR METROPOLIS 94100 CA USA,City Rideshare,Transportation,Purchase,14.33,Sample User
01/12/2025,01/14/2025,HARBORVIEW HOTEL 2 SEASIDE BLVD BAYSIDE 90501 CA USA,Harborview Hotel,Hotels,Purchase,162.89,Sample User
01/12/2025,01/13/2025,CLOUDNOTE PRO 25 SAAS ST METROPOLIS 94108 CA USA,CloudNote Pro,Other,Purchase,9.99,Sample User
01/11/2025,01/12/2025,PACIFIC AIR 100 SKYWAY METROPOLIS 94104 CA USA,Pacific Air,Airlines,Purchase,216.56,Sample User
01/11/2025,01/12/2025,DOWNTOWN CLINIC 30 WELLNESS CT SPRINGFIELD 90015 CA USA,Downtown Clinic,Medical,Purchase,186.16,Sample User
01/10/2025,01/11/2025,TACO VERDE 2400 SUNSET BLVD RIVERTON 90210 CA USA,Taco Verde,Restaurants,Purchase,30.14,Sample User
01/09/2025,01/10/2025,SQ *COFFEE COLLECTIVE 61 STATION PLZ SPRINGFIELD 90012 CA USA,Coffee Collective,Restaurants,Purchase,12.99,Sample User
01/08/2025,01/09/2025,GREENFIELD MARKET 1200 ORCHARD AVE SPRINGFIELD 90011 CA USA,Greenfield Market,Grocery,Purchase,25.19,Sample User
01/07/2025,01/08/2025,TST*BLUE DOOR CAFE 18 MAIN ST SPRINGFIELD 90011 CA USA,Blue Door Cafe,Restaurants,Purchase,14.17,Sample User
01/06/2025,01/07/2025,CITY RIDESHARE 400 TECH PARK DR METROPOLIS 94100 CA USA,City Rideshare,Transportation,Purchase,35.55,Sample User
01/05/2025,01/06/2025,SQ *COFFEE COLLECTIVE 61 STATION PLZ SPRINGFIELD 90012 CA USA,Coffee Collective,Restaurants,Purchase,10.75,Sample User
01/05/2025,01/07/2025,STYLE OUTLET 78 FASHION SQ RIVERTON 90210 CA USA,Style Outlet,Shopping,Purchase,26.41,Sample User
01/05/2025,01/05/2025,GADGET DEPOT MONTHLY INSTALLMENT,Gadget Depot Installments,Installment,Installment,41.62,Sample User
01/05/2025,01/05/2025,ACH DEPOSIT INTERNET TRANSFER FROM ACCOUNT ENDING IN 1122,Ach Deposit Internet Transfer From Account Ending In 1122,Payment,Payment,-2520.00,Sample User
01/04/2025,01/06/2025,GREENFIELD MARKET 1200 ORCHARD AVE SPRINGFIELD 90011 CA USA,Greenfield Market,Grocery,Purchase,135.15,Sample User
01/04/2025,01/06/2025,CORNER GROCER 77 ELM ST SPRINGFIELD 90012 CA USA,Corner Grocer,Grocery,Purchase,26.38,Sample User
01/03/2025,01/05/2025,GREENFIELD MARKET 1200 ORCHARD AVE SPRINGFIELD 90011 CA USA,Greenfield Market,Grocery,Purchase,90.03,Sample User
01/03/2025,01/04/2025,STREAMFLEX 500 MEDIA WAY METROPOLIS 94107 CA USA,StreamFlex,Entertainment,Purchase,15.99,Sample User
01/02/2025,01/04/2025,SQ *COFFEE COLLECTIVE 61 STATION PLZ SPRINGFIELD 90012 CA USA,Coffee Collective,Restaurants,Purchase,8.56,Sample User
01/02/2025,01/04/2025,BURGER BARN 710 RANCH RD MESQUITE FLATS 85300 AZ USA,Burger Barn,Restaurants,Purchase,18.31,Sample User
01/01/2025,01/02/2025,CORNER GROCER 77 ELM ST SPRINGFIELD 90012 CA USA,Corner Grocer,Grocery,Purchase,14.68,Sample User
01/01/2025,01/02/2025,CORNER GROCER 77 ELM ST SPRINGFIELD 90012 CA USA,Corner Grocer,Grocery,Purchase,37.89,Sample User
12/31/2024,01/02/2025,CITY RIDESHARE 400 TECH PARK DR METROPOLIS 94100 CA USA,City Rideshare,Transportation,Purchase,35.74,Sample User
12/30/2024,12/31/2024,GREENFIELD MARKET 1200 ORCHARD AVE SPRINGFIELD 90011 CA USA,Greenfield Market,Grocery,Purchase,82.34,Sample User
12/29/2024,12/31/2024,PARKING PLUS 450 GARAGE WAY METROPOLIS 94105 CA USA,Parking Plus,Other,Purchase,4.86,Sample User
12/28/2024,12/30/2024,GREENFIELD MARKET 1200 ORCHARD AVE SPRINGFIELD 90011 CA USA,Greenfield Market,Grocery,Purchase,119.53,Sample User
12/27/2024,12/29/2024,MEGAMART ONLINE 1 FULFILLMENT RD COMMERCE 98100 WA USA,MegaMart Online,Shopping,Purchase,116.84,Sample User
12/26/2024,12/27/2024,CORNER GROCER 77 ELM ST SPRINGFIELD 90012 CA USA,Corner Grocer,Grocery,Purchase,21.57,Sample User
12/25/2024,12/26/2024,PIZZA PIAZZA 333 OAK AVE SPRINGFIELD 90011 CA USA,Pizza Piazza,Restaurants,Purchase,53.05,Sample User
12/24/2024,12/25/2024,TST*BLUE DOOR CAFE 18 MAIN ST SPRINGFIELD 90011 CA USA,Blue Door Cafe,Restaurants,Purchase,14.22,Sample User
12/23/2024,12/25/2024,TACO VERDE 2400 SUNSET BLVD RIVERTON 90210 CA USA,Taco Verde,Restaurants,Purchase,16.36,Sample User
12/22/2024,12/23/2024,TACO VERDE 2400 SUNSET BLVD RIVERTON 90210 CA USA,Taco Verde,Restaurants,Purchase,36.87,Sample User
12/21/2024,12/22/2024,PACIFIC AIR 100 SKYWAY METROPOLIS 94104 CA USA,Pacific Air,Airlines,Purchase,452.45,Sample User
12/21/2024,12/23/2024,MEGAMART ONLINE 1 FULFILLMENT RD COMMERCE 98100 WA USA,MegaMart Online,Shopping,Purchase,138.33,Sample User
12/20/2024,12/21/2024,BURGER BARN 710 RANCH RD MESQUITE FLATS 85300 AZ USA,Burger Barn,Restaurants,Purchase,19.84,Sample User
12/19/2024,12/21/2024,METRO GAS 210 DEPOT ST RIVERTON 90210 CA USA,Metro Gas,Gas,Purchase,31.21,Sample User
12/18/2024,12/20/2024,CITY RIDESHARE 400 TECH PARK DR METROPOLIS 94100 CA USA,City Rideshare,Transportation,Purchase,14.60,Sample User
12/18/2024,12/19/2024,FITPASS GYM 340 MUSCLE AVE SPRINGFIELD 90016 CA USA,FitPass Gym,Entertainment,Purchase,39.00,Sample User
12/17/2024,12/18/2024,SHIELD INSURANCE 700 SECURE BLVD COMMERCE 98101 WA USA,Shield Insurance,Insurance,Purchase,125.44,Sample User
12/16/2024,12/18/2024,TST*BLUE DOOR CAFE 18 MAIN ST SPRINGFIELD 90011 CA USA,Blue Door Cafe,Restaurants,Purchase,13.40,Sample User
12/15/2024,12/16/2024,MEGAMART ONLINE 1 FULFILLMENT RD COMMERCE 98100 WA USA,MegaMart Online,Shopping,Purchase,107.59,Sample User
12/15/2024,12/17/2024,PARKING PLUS 450 GARAGE WAY METROPOLIS 94105 CA USA,Parking Plus,Other,Purchase,9.36,Sample User
12/15/2024,12/16/2024,STYLE OUTLET 78 FASHION SQ RIVERTON 90210 CA USA,Style Outlet,Credit,Credit,-84.24,Sample User
12/14/2024,12/15/2024,CITY RIDESHARE 400 TECH PARK DR METROPOLIS 94100 CA USA,City Rideshare,Transportation,Purchase,22.95,Sample User
12/14/2024,12/15/2024,CITY RIDESHARE 400 TECH PARK DR METROPOLIS 94100 CA USA,City Rideshare,Transportation,Purchase,7.73,Sample User
12/13/2024,12/15/2024,STYLE OUTLET 78 FASHION SQ RIVERTON 90210 CA USA,Style Outlet,Shopping,Purchase,117.59,Sample User
12/12/2024,12/13/2024,METRO TRANSIT 1 TRANSIT WAY METROPOLIS 94101 CA USA,Metro Transit,Transportation,Purchase,11.49,Sample User
12/12/2024,12/14/2024,ROADSTAR FUEL 1500 HIGHWAY 9 SPRINGFIELD 90014 CA USA,Roadstar Fuel,Gas,Purchase,51.95,Sample User
12/12/2024,12/13/2024,CLOUDNOTE PRO 25 SAAS ST METROPOLIS 94108 CA USA,CloudNote Pro,Other,Purchase,9.99,Sample User
12/11/2024,12/13/2024,TST*BLUE DOOR CAFE 18 MAIN ST SPRINGFIELD 90011 CA USA,Blue Door Cafe,Restaurants,Purchase,36.42,Sample User
12/10/2024,12/12/2024,METRO TRANSIT 1 TRANSIT WAY METROPOLIS 94101 CA USA,Metro Transit,Transportation,Purchase,11.86,Sample User
12/09/2024,12/11/2024,GADGET DEPOT 512 CIRCUIT DR METROPOLIS 94103 CA USA,Gadget Depot,Shopping,Purchase,169.52,Sample User
12/08/2024,12/10/2024,GREENFIELD MARKET 1200 ORCHARD AVE SPRINGFIELD 90011 CA USA,Greenfield Market,Grocery,Purchase,16.74,Sample User
12/08/2024,12/10/2024,TACO VERDE 2400 SUNSET BLVD RIVERTON 90210 CA USA,Taco Verde,Restaurants,Purchase,14.30,Sample User
12/07/2024,12/08/2024,METRO GAS 210 DEPOT ST RIVERTON 90210 CA USA,Metro Gas,Gas,Purchase,41.60,Sample User
12/07/2024,12/08/2024,SQ *COFFEE COLLECTIVE 61 STATION PLZ SPRINGFIELD 90012 CA USA,Coffee Collective,Restaurants,Purchase,13.13,Sample User
12/06/2024,12/07/2024,TST*SUSHI GROVE 840 GARDEN WAY RIVERTON 90210 CA USA,Sushi Grove,Restaurants,Purchase,91.53,Sample User
12/06/2024,12/08/2024,SUMMIT LODGE 9000 ALPINE RD SUMMIT VALE 80400 CO USA,Summit Lodge,Hotels,Purchase,168.10,Sample User
12/05/2024,12/07/2024,CITY PHARMACY 88 MAIN ST SPRINGFIELD 90011 CA USA,City Pharmacy,Medical,Purchase,31.72,Sample User
12/05/2024,12/07/2024,CITY PHARMACY 88 MAIN ST SPRINGFIELD 90011 CA USA,City Pharmacy,Medical,Purchase,51.18,Sample User
12/05/2024,12/05/2024,GADGET DEPOT MONTHLY INSTALLMENT,Gadget Depot Installments,Installment,Installment,41.62,Sample User
12/05/2024,12/05/2024,ACH DEPOSIT INTERNET TRANSFER FROM ACCOUNT ENDING IN 1122,Ach Deposit Internet Transfer From Account Ending In 1122,Payment,Payment,-1730.00,Sample User
12/04/2024,12/06/2024,MEGAMART ONLINE 1 FULFILLMENT RD COMMERCE 98100 WA USA,MegaMart Online,Shopping,Purchase,113.96,Sample User
12/03/2024,12/05/2024,TACO VERDE 2400 SUNSET BLVD RIVERTON 90210 CA USA,Taco Verde,Restaurants,Purchase,15.51,Sample User
12/03/2024,12/04/2024,STREAMFLEX 500 MEDIA WAY METROPOLIS 94107 CA USA,StreamFlex,Entertainment,Purchase,15.99,Sample User
12/02/2024,12/04/2024,METRO GAS 210 DEPOT ST RIVERTON 90210 CA USA,Metro Gas,Gas,Purchase,40.14,Sample User
12/01/2024,12/03/2024,TST*BLUE DOOR CAFE 18 MAIN ST SPRINGFIELD 90011 CA USA,Blue Door Cafe,Restaurants,Purchase,8.98,Sample User
12/01/2024,12/03/2024,TACO VERDE 2400 SUNSET BLVD RIVERTON 90210 CA USA,Taco Verde,Restaurants,Purchase,9.44,Sample User
11/30/2024,12/01/2024,ROADSTAR FUEL 1500 HIGHWAY 9 SPRINGFIELD 90014 CA USA,Roadstar Fuel,Gas,Purchase,62.95,Sample User
11/29/2024,12/01/2024,TACO VERDE 2400 SUNSET BLVD RIVERTON 90210 CA USA,Taco Verde,Restaurants,Purchase,23.17,Sample User
11/28/2024,11/29/2024,FUN ZONE ARCADE 22 PIER AVE BAYSIDE 90501 CA USA,Fun Zone Arcade,Entertainment,Purchase,22.87,Sample User
11/27/2024,11/29/2024,PARKING PLUS 450 GARAGE WAY METROPOLIS 94105 CA USA,Parking Plus,Other,Purchase,19.94,Sample User
11/26/2024,11/27/2024,MEGAMART ONLINE 1 FULFILLMENT RD COMMERCE 98100 WA USA,MegaMart Online,Shopping,Purchase,83.51,Sample User
11/25/2024,11/26/2024,PARKING PLUS 450 GARAGE WAY METROPOLIS 94105 CA USA,Parking Plus,Other,Purchase,5.58,Sample User
11/24/2024,11/26/2024,ROADSTAR FUEL 1500 HIGHWAY 9 SPRINGFIELD 90014 CA USA,Roadstar Fuel,Gas,Purchase,56.40,Sample User
11/24/2024,11/25/2024,GREENFIELD MARKET 1200 ORCHARD AVE SPRINGFIELD 90011 CA USA,Greenfield Market,Grocery,Purchase,125.39,Sample User
11/23/2024,11/25/2024,GREENFIELD MARKET 1200 ORCHARD AVE SPRINGFIELD 90011 CA USA,Greenfield Market,Grocery,Purchase,46.82,Sample User
11/23/2024,11/24/2024,CITY BIKE SHARE 600 GREENWAY METROPOLIS 94102 CA USA,City Bike Share,Entertainment,Purchase,10.96,Sample User
11/22/2024,11/24/2024,GREENFIELD MARKET 1200 ORCHARD AVE SPRINGFIELD 90011 CA USA,Greenfield Market,Grocery,Purchase,80.84,Sample User
11/21/2024,11/22/2024,TST*BLUE DOOR CAFE 18 MAIN ST SPRINGFIELD 90011 CA USA,Blue Door Cafe,Restaurants,Purchase,36.17,Sample User
11/20/2024,11/21/2024,TACO VERDE 2400 SUNSET BLVD RIVERTON 90210 CA USA,Taco Verde,Restaurants,Purchase,39.88,Sample User
11/20/2024,11/22/2024,CORNER GROCER 77 ELM ST SPRINGFIELD 90012 CA USA,Corner Grocer,Grocery,Purchase,10.09,Sample User
11/19/2024,11/20/2024,SUNRISE DINER 5 HARBOR RD BAYSIDE 90501 CA USA,Sunrise Diner,Restaurants,Purchase,30.06,Sample User
11/18/2024,11/20/2024,GREENFIELD MARKET 1200 ORCHARD AVE SPRINGFIELD 90011 CA USA,Greenfield Market,Grocery,Purchase,63.40,Sample User
11/18/2024,11/19/2024,FITPASS GYM 340 MUSCLE AVE SPRINGFIELD 90016 CA USA,FitPass Gym,Entertainment,Purchase,39.00,Sample User
11/17/2024,11/18/2024,BURGER BARN 710 RANCH RD MESQUITE FLATS 85300 AZ USA,Burger Barn,Restaurants,Purchase,19.28,Sample User
11/17/2024,11/19/2024,GADGET DEPOT 512 CIRCUIT DR METROPOLIS 94103 CA USA,Gadget Depot,Shopping,Purchase,27.13,Sample User
11/16/2024,11/18/2024,TST*BLUE DOOR CAFE 18 MAIN ST SPRINGFIELD 90011 CA USA,Blue Door Cafe,Restaurants,Purchase,37.54,Sample User
11/16/2024,11/18/2024,CORNER GROCER 77 ELM ST SPRINGFIELD 90012 CA USA,Corner Grocer,Grocery,Purchase,23.15,Sample User
11/15/2024,11/16/2024,CITY RIDESHARE 400 TECH PARK DR METROPOLIS 94100 CA USA,City Rideshare,Transportation,Purchase,28.14,Sample User
11/14/2024,11/15/2024,PIZZA PIAZZA 333 OAK AVE SPRINGFIELD 90011 CA USA,Pizza Piazza,Restaurants,Purchase,18.74,Sample User
11/13/2024,11/14/2024,CITY RIDESHARE 400 TECH PARK DR METROPOLIS 94100 CA USA,City Rideshare,Transportation,Purchase,28.13,Sample User
11/12/2024,11/14/2024,GREENFIELD MARKET 1200 ORCHARD AVE SPRINGFIELD 90011 CA USA,Greenfield Market,Grocery,Purchase,128.73,Sample User
11/12/2024,11/13/2024,CLOUDNOTE PRO 25 SAAS ST METROPOLIS 94108 CA USA,CloudNote Pro,Other,Purchase,9.99,Sample User
11/11/2024,11/13/2024,PIZZA PIAZZA 333 OAK AVE SPRINGFIELD 90011 CA USA,Pizza Piazza,Restaurants,Purchase,56.35,Sample User
11/10/2024,11/11/2024,HARVEST FOODS 450 MEADOW LN RIVERTON 90210 CA USA,Harvest Foods,Grocery,Purchase,81.65,Sample User
11/10/2024,11/12/2024,CINEMA PLAZA 95 PROMENADE SPRINGFIELD 90011 CA USA,Cinema Plaza,Entertainment,Purchase,39.49,Sample User
11/09/2024,11/10/2024,CORNER GROCER 77 ELM ST SPRINGFIELD 90012 CA USA,Corner Grocer,Grocery,Purchase,25.57,Sample User
11/09/2024,11/11/2024,GREENFIELD MARKET 1200 ORCHARD AVE SPRINGFIELD 90011 CA USA,Greenfield Market,Grocery,Purchase,98.13,Sample User
11/08/2024,11/09/2024,TACO VERDE 2400 SUNSET BLVD RIVERTON 90210 CA USA,Taco Verde,Restaurants,Purchase,33.70,Sample User
11/07/2024,11/08/2024,PIZZA PIAZZA 333 OAK AVE SPRINGFIELD 90011 CA USA,Pizza Piazza,Restaurants,Purchase,50.86,Sample User
11/06/2024,11/08/2024,TST*BLUE DOOR CAFE 18 MAIN ST SPRINGFIELD 90011 CA USA,Blue Door Cafe,Restaurants,Purchase,28.27,Sample User
11/05/2024,11/07/2024,CITY RIDESHARE 400 TECH PARK DR METROPOLIS 94100 CA USA,City Rideshare,Transportation,Purchase,11.71,Sample User
11/05/2024,11/05/2024,GADGET DEPOT MONTHLY INSTALLMENT,Gadget Depot Installments,Installment,Installment,41.62,Sample User
11/05/2024,11/05/2024,ACH DEPOSIT INTERNET TRANSFER FROM ACCOUNT ENDING IN 1122,Ach Deposit Internet Transfer From Account Ending In 1122,Payment,Payment,-1680.00,Sample User
11/04/2024,11/06/2024,CITY RIDESHARE 400 TECH PARK DR METROPOLIS 94100 CA USA,City Rideshare,Transportation,Purchase,37.55,Sample User
11/03/2024,11/04/2024,PIZZA PIAZZA 333 OAK AVE SPRINGFIELD 90011 CA USA,Pizza Piazza,Restaurants,Purchase,39.96,Sample User
11/03/2024,11/04/2024,GREENFIELD MARKET 1200 ORCHARD AVE SPRINGFIELD 90011 CA USA,Greenfield Market,Grocery,Purchase,41.37,Sample User
11/03/2024,11/04/2024,STREAMFLEX 500 MEDIA WAY METROPOLIS 94107 CA USA,StreamFlex,Entertainment,Purchase,15.99,Sample User
11/02/2024,11/03/2024,GREENFIELD MARKET 1200 ORCHARD AVE SPRINGFIELD 90011 CA USA,Greenfield Market,Grocery,Purchase,73.77,Sample User
11/02/2024,11/04/2024,EXPRESS TOLL PO BOX 100 METROPOLIS 94106 CA USA,Express Toll,Tolls,Purchase,6.09,Sample User
11/01/2024,11/02/2024,SQ *COFFEE COLLECTIVE 61 STATION PLZ SPRINGFIELD 90012 CA USA,Coffee Collective,Restaurants,Purchase,10.92,Sample User
10/31/2024,11/02/2024,MEGAMART ONLINE 1 FULFILLMENT RD COMMERCE 98100 WA USA,MegaMart Online,Shopping,Purchase,82.86,Sample User
10/30/2024,11/01/2024,GREENFIELD MARKET 1200 ORCHARD AVE SPRINGFIELD 90011 CA USA,Greenfield Market,Grocery,Purchase,61.43,Sample User
10/29/2024,10/30/2024,GREENFIELD MARKET 1200 ORCHARD AVE SPRINGFIELD 90011 CA USA,Greenfield Market,Grocery,Purchase,95.07,Sample User
10/28/2024,10/30/2024,ROADSTAR FUEL 1500 HIGHWAY 9 SPRINGFIELD 90014 CA USA,Roadstar Fuel,Gas,Purchase,66.07,Sample User
10/27/2024,10/28/2024,BURGER BARN 710 RANCH RD MESQUITE FLATS 85300 AZ USA,Burger Barn,Restaurants,Purchase,11.75,Sample User
10/27/2024,10/29/2024,PARKING PLUS 450 GARAGE WAY METROPOLIS 94105 CA USA,Parking Plus,Other,Purchase,14.57,Sample User
10/26/2024,10/28/2024,BURGER BARN 710 RANCH RD MESQUITE FLATS 85300 AZ USA,Burger Barn,Restaurants,Purchase,25.10,Sample User
10/25/2024,10/26/2024,GREENFIELD MARKET 1200 ORCHARD AVE SPRINGFIELD 90011 CA USA,Greenfield Market,Grocery,Purchase,111.86,Sample User
10/24/2024,10/26/2024,CITY BIKE SHARE 600 GREENWAY METROPOLIS 94102 CA USA,City Bike Share,Entertainment,Purchase,8.64,Sample User
10/23/2024,10/24/2024,TST*BLUE DOOR CAFE 18 MAIN ST SPRINGFIELD 90011 CA USA,Blue Door Cafe,Restaurants,Purchase,25.52,Sample User
10/22/2024,10/24/2024,TST*BLUE DOOR CAFE 18 MAIN ST SPRINGFIELD 90011 CA USA,Blue Door Cafe,Restaurants,Purchase,9.92,Sample User
10/21/2024,10/22/2024,GREENFIELD MARKET 1200 ORCHARD AVE SPRINGFIELD 90011 CA USA,Greenfield Market,Grocery,Purchase,50.37,Sample User
10/20/2024,10/21/2024,PACIFIC AIR 100 SKYWAY METROPOLIS 94104 CA USA,Pacific Air,Airlines,Purchase,272.68,Sample User
10/20/2024,10/22/2024,METRO GAS 210 DEPOT ST RIVERTON 90210 CA USA,Metro Gas,Gas,Purchase,49.28,Sample User
10/19/2024,10/21/2024,MEGAMART ONLINE 1 FULFILLMENT RD COMMERCE 98100 WA USA,MegaMart Online,Shopping,Purchase,107.92,Sample User
10/18/2024,10/20/2024,PIZZA PIAZZA 333 OAK AVE SPRINGFIELD 90011 CA USA,Pizza Piazza,Restaurants,Purchase,43.89,Sample User
10/18/2024,10/19/2024,FITPASS GYM 340 MUSCLE AVE SPRINGFIELD 90016 CA USA,FitPass Gym,Entertainment,Purchase,39.00,Sample User
10/17/2024,10/19/2024,TST*BLUE DOOR CAFE 18 MAIN ST SPRINGFIELD 90011 CA USA,Blue Door Cafe,Restaurants,Purchase,34.16,Sample User
10/16/2024,10/18/2024,FUN ZONE ARCADE 22 PIER AVE BAYSIDE 90501 CA USA,Fun Zone Arcade,Entertainment,Purchase,28.35,Sample User
10/15/2024,10/17/2024,TST*BLUE DOOR CAFE 18 MAIN ST SPRINGFIELD 90011 CA USA,Blue Door Cafe,Restaurants,Purchase,17.65,Sample User
10/14/2024,10/16/2024,SQ *COFFEE COLLECTIVE 61 STATION PLZ SPRINGFIELD 90012 CA USA,Coffee Collective,Restaurants,Purchase,12.83,Sample User
10/13/2024,10/14/2024,TST*BLUE DOOR CAFE 18 MAIN ST SPRINGFIELD 90011 CA USA,Blue Door Cafe,Restaurants,Purchase,20.02,Sample User
10/12/2024,10/13/2024,FUN ZONE ARCADE 22 PIER AVE BAYSIDE 90501 CA USA,Fun Zone Arcade,Entertainment,Purchase,16.88,Sample User
10/12/2024,10/13/2024,CLOUDNOTE PRO 25 SAAS ST METROPOLIS 94108 CA USA,CloudNote Pro,Other,Purchase,9.99,Sample User
10/11/2024,10/13/2024,HARVEST FOODS 450 MEADOW LN RIVERTON 90210 CA USA,Harvest Foods,Grocery,Purchase,57.40,Sample User
10/10/2024,10/12/2024,CITY BIKE SHARE 600 GREENWAY METROPOLIS 94102 CA USA,City Bike Share,Entertainment,Purchase,17.68,Sample User
10/09/2024,10/10/2024,SQ *COFFEE COLLECTIVE 61 STATION PLZ SPRINGFIELD 90012 CA USA,Coffee Collective,Restaurants,Purchase,7.70,Sample User
10/08/2024,10/09/2024,TST*NOODLE JUNCTION 901 CANAL ST SPRINGFIELD 90013 CA USA,Noodle Junction,Restaurants,Purchase,18.94,Sample User
10/07/2024,10/09/2024,TST*NOODLE JUNCTION 901 CANAL ST SPRINGFIELD 90013 CA USA,Noodle Junction,Restaurants,Purchase,12.91,Sample User
10/06/2024,10/07/2024,CITY BIKE SHARE 600 GREENWAY METROPOLIS 94102 CA USA,City Bike Share,Entertainment,Purchase,12.97,Sample User
10/06/2024,10/08/2024,GREENFIELD MARKET 1200 ORCHARD AVE SPRINGFIELD 90011 CA USA,Greenfield Market,Grocery,Purchase,125.07,Sample User
10/05/2024,10/06/2024,TACO VERDE 2400 SUNSET BLVD RIVERTON 90210 CA USA,Taco Verde,Restaurants,Purchase,30.52,Sample User
10/05/2024,10/05/2024,GADGET DEPOT MONTHLY INSTALLMENT,Gadget Depot Installments,Installment,Installment,41.62,Sample User
10/05/2024,10/05/2024,ACH DEPOSIT INTERNET TRANSFER FROM ACCOUNT ENDING IN 1122,Ach Deposit Internet Transfer From Account Ending In 1122,Payment,Payment,-1470.00,Sample User
10/04/2024,10/06/2024,CORNER GROCER 77 ELM ST SPRINGFIELD 90012 CA USA,Corner Grocer,Grocery,Purchase,24.34,Sample User
10/03/2024,10/05/2024,HARVEST FOODS 450 MEADOW LN RIVERTON 90210 CA USA,Harvest Foods,Grocery,Purchase,71.33,Sample User
10/03/2024,10/04/2024,STREAMFLEX 500 MEDIA WAY METROPOLIS 94107 CA USA,StreamFlex,Entertainment,Purchase,15.99,Sample User
10/02/2024,10/03/2024,TST*BLUE DOOR CAFE 18 MAIN ST SPRINGFIELD 90011 CA USA,Blue Door Cafe,Restaurants,Purchase,34.28,Sample User
10/01/2024,10/02/2024,SUNRISE DINER 5 HARBOR RD BAYSIDE 90501 CA USA,Sunrise Diner,Restaurants,Purchase,31.24,Sample User
09/30/2024,10/01/2024,GREENFIELD MARKET 1200 ORCHARD AVE SPRINGFIELD 90011 CA USA,Greenfield Market,Grocery,Purchase,134.96,Sample User
09/29/2024,09/30/2024,TST*NOODLE JUNCTION 901 CANAL ST SPRINGFIELD 90013 CA USA,Noodle Junction,Restaurants,Purchase,37.54,Sample User
09/29/2024,09/30/2024,GADGET DEPOT 512 CIRCUIT DR METROPOLIS 94103 CA USA,Gadget Depot,Credit,Credit,-55.76,Sample User
09/28/2024,09/30/2024,TST*BLUE DOOR CAFE 18 MAIN ST SPRINGFIELD 90011 CA USA,Blue Door Cafe,Restaurants,Purchase,34.84,Sample User
09/27/2024,09/29/2024,ROADSTAR FUEL 1500 HIGHWAY 9 SPRINGFIELD 90014 CA USA,Roadstar Fuel,Gas,Purchase,61.00,Sample User
09/26/2024,09/27/2024,CITY BIKE SHARE 600 GREENWAY METROPOLIS 94102 CA USA,City Bike Share,Entertainment,Purchase,14.95,Sample User
09/25/2024,09/26/2024,CORNER GROCER 77 ELM ST SPRINGFIELD 90012 CA USA,Corner Grocer,Grocery,Purchase,7.71,Sample User
09/24/2024,09/26/2024,CITY RIDESHARE 400 TECH PARK DR METROPOLIS 94100 CA USA,City Rideshare,Transportation,Purchase,26.76,Sample User
09/23/2024,09/24/2024,TST*SUSHI GROVE 840 GARDEN WAY RIVERTON 90210 CA USA,Sushi Grove,Restaurants,Purchase,66.45,Sample User
09/22/2024,09/24/2024,SQ *COFFEE COLLECTIVE 61 STATION PLZ SPRINGFIELD 90012 CA USA,Coffee Collective,Restaurants,Purchase,10.31,Sample User
09/21/2024,09/22/2024,MEGAMART ONLINE 1 FULFILLMENT RD COMMERCE 98100 WA USA,MegaMart Online,Shopping,Purchase,150.39,Sample User
09/20/2024,09/22/2024,CORNER GROCER 77 ELM ST SPRINGFIELD 90012 CA USA,Corner Grocer,Grocery,Purchase,27.70,Sample User
09/18/2024,09/20/2024,CINEMA PLAZA 95 PROMENADE SPRINGFIELD 90011 CA USA,Cinema Plaza,Entertainment,Purchase,41.53,Sample User
09/18/2024,09/19/2024,FITPASS GYM 340 MUSCLE AVE SPRINGFIELD 90016 CA USA,FitPass Gym,Entertainment,Purchase,39.00,Sample User
09/17/2024,09/18/2024,GADGET DEPOT 512 CIRCUIT DR METROPOLIS 94103 CA USA,Gadget Depot,Shopping,Purchase,166.10,Sample User
09/16/2024,09/18/2024,ROADSTAR FUEL 1500 HIGHWAY 9 SPRINGFIELD 90014 CA USA,Roadstar Fuel,Gas,Purchase,49.04,Sample User
09/15/2024,09/16/2024,CITY RIDESHARE 400 TECH PARK DR METROPOLIS 94100 CA USA,City Rideshare,Transportation,Purchase,33.34,Sample User
09/15/2024,09/16/2024,METRO TRANSIT 1 TRANSIT WAY METROPOLIS 94101 CA USA,Metro Transit,Transportation,Purchase,11.26,Sample User
09/14/2024,09/16/2024,HARVEST FOODS 450 MEADOW LN RIVERTON 90210 CA USA,Harvest Foods,Grocery,Purchase,38.08,Sample User
09/13/2024,09/14/2024,ROADSTAR FUEL 1500 HIGHWAY 9 SPRINGFIELD 90014 CA USA,Roadstar Fuel,Gas,Purchase,27.83,Sample User
09/12/2024,09/14/2024,VINE & BARREL 17 CELLAR ROW RIVERTON 90210 CA USA,Vine & Barrel,Alcohol,Purchase,81.68,Sample User
09/12/2024,09/13/2024,CLOUDNOTE PRO 25 SAAS ST METROPOLIS 94108 CA USA,CloudNote Pro,Other,Purchase,9.99,Sample User
09/11/2024,09/13/2024,SQ *COFFEE COLLECTIVE 61 STATION PLZ SPRINGFIELD 90012 CA USA,Coffee Collective,Restaurants,Purchase,13.11,Sample User
09/10/2024,09/11/2024,TST*SUSHI GROVE 840 GARDEN WAY RIVERTON 90210 CA USA,Sushi Grove,Restaurants,Purchase,92.58,Sample User
09/08/2024,09/09/2024,TST*SUSHI GROVE 840 GARDEN WAY RIVERTON 90210 CA USA,Sushi Grove,Restaurants,Purchase,35.43,Sample User
09/07/2024,09/09/2024,CINEMA PLAZA 95 PROMENADE SPRINGFIELD 90011 CA USA,Cinema Plaza,Entertainment,Purchase,13.85,Sample User
09/06/2024,09/08/2024,PIZZA PIAZZA 333 OAK AVE SPRINGFIELD 90011 CA USA,Pizza Piazza,Restaurants,Purchase,36.44,Sample User
09/05/2024,09/06/2024,TACO VERDE 2400 SUNSET BLVD RIVERTON 90210 CA USA,Taco Verde,Restaurants,Purchase,24.97,Sample User
09/05/2024,09/05/2024,GADGET DEPOT MONTHLY INSTALLMENT,Gadget Depot Installments,Installment,Installment,41.62,Sample User
09/05/2024,09/05/2024,ACH DEPOSIT INTERNET TRANSFER FROM ACCOUNT ENDING IN 1122,Ach Deposit Internet Transfer From Account Ending In 1122,Payment,Payment,-1690.00,Sample User
09/04/2024,09/05/2024,SUNRISE DINER 5 HARBOR RD BAYSIDE 90501 CA USA,Sunrise Diner,Restaurants,Purchase,36.47,Sample User
09/03/2024,09/04/2024,STREAMFLEX 500 MEDIA WAY METROPOLIS 94107 CA USA,StreamFlex,Entertainment,Purchase,15.99,Sample User
09/02/2024,09/04/2024,GREENFIELD MARKET 1200 ORCHARD AVE SPRINGFIELD 90011 CA USA,Greenfield Market,Grocery,Purchase,57.18,Sample User
09/01/2024,09/03/2024,CORNER GROCER 77 ELM ST SPRINGFIELD 90012 CA USA,Corner Grocer,Grocery,Purchase,44.79,Sample User
09/01/2024,09/02/2024,PIZZA PIAZZA 333 OAK AVE SPRINGFIELD 90011 CA USA,Pizza Piazza,Restaurants,Purchase,29.31,Sample User
08/31/2024,09/02/2024,HARVEST FOODS 450 MEADOW LN RIVERTON 90210 CA USA,Harvest Foods,Grocery,Purchase,79.78,Sample User
08/30/2024,08/31/2024,PIZZA PIAZZA 333 OAK AVE SPRINGFIELD 90011 CA USA,Pizza Piazza,Restaurants,Purchase,37.00,Sample User
08/29/2024,08/31/2024,CITY RIDESHARE 400 TECH PARK DR METROPOLIS 94100 CA USA,City Rideshare,Transportation,Purchase,16.58,Sample User
08/28/2024,08/29/2024,ROADSTAR FUEL 1500 HIGHWAY 9 SPRINGFIELD 90014 CA USA,Roadstar Fuel,Gas,Purchase,29.34,Sample User
08/26/2024,08/27/2024,SUNRISE DINER 5 HARBOR RD BAYSIDE 90501 CA USA,Sunrise Diner,Restaurants,Purchase,46.67,Sample User
08/25/2024,08/26/2024,TST*NOODLE JUNCTION 901 CANAL ST SPRINGFIELD 90013 CA USA,Noodle Junction,Restaurants,Purchase,30.09,Sample User
08/24/2024,08/26/2024,CITY PARKING METERS CITY HALL SPRINGFIELD 90011 CA USA,City Parking Meters,Govt-services-parking,Purchase,6.00,Sample User
08/23/2024,08/24/2024,HARVEST FOODS 450 MEADOW LN RIVERTON 90210 CA USA,Harvest Foods,Grocery,Purchase,32.90,Sample User
08/22/2024,08/23/2024,GREENFIELD MARKET 1200 ORCHARD AVE SPRINGFIELD 90011 CA USA,Greenfield Market,Grocery,Purchase,81.01,Sample User
08/21/2024,08/22/2024,TST*SUSHI GROVE 840 GARDEN WAY RIVERTON 90210 CA USA,Sushi Grove,Restaurants,Purchase,60.78,Sample User
08/20/2024,08/21/2024,GREENFIELD MARKET 1200 ORCHARD AVE SPRINGFIELD 90011 CA USA,Greenfield Market,Grocery,Purchase,40.78,Sample User
08/19/2024,08/21/2024,HARVEST FOODS 450 MEADOW LN RIVERTON 90210 CA USA,Harvest Foods,Grocery,Purchase,92.20,Sample User
08/18/2024,08/20/2024,PARKING PLUS 450 GARAGE WAY METROPOLIS 94105 CA USA,Parking Plus,Other,Purchase,14.50,Sample User
08/18/2024,08/19/2024,SUNRISE DINER 5 HARBOR RD BAYSIDE 90501 CA USA,Sunrise Diner,Restaurants,Purchase,11.35,Sample User
08/18/2024,08/19/2024,FITPASS GYM 340 MUSCLE AVE SPRINGFIELD 90016 CA USA,FitPass Gym,Entertainment,Purchase,39.00,Sample User
08/17/2024,08/18/2024,MEGAMART ONLINE 1 FULFILLMENT RD COMMERCE 98100 WA USA,MegaMart Online,Shopping,Purchase,125.28,Sample User
08/17/2024,08/18/2024,SQ *COFFEE COLLECTIVE 61 STATION PLZ SPRINGFIELD 90012 CA USA,Coffee Collective,Restaurants,Purchase,9.74,Sample User
08/16/2024,08/17/2024,PACIFIC AIR 100 SKYWAY METROPOLIS 94104 CA USA,Pacific Air,Airlines,Purchase,175.70,Sample User
08/15/2024,08/16/2024,TACO VERDE 2400 SUNSET BLVD RIVERTON 90210 CA USA,Taco Verde,Restaurants,Purchase,27.69,Sample User
08/13/2024,08/15/2024,MEGAMART ONLINE 1 FULFILLMENT RD COMMERCE 98100 WA USA,MegaMart Online,Shopping,Purchase,29.58,Sample User
08/12/2024,08/13/2024,TST*NOODLE JUNCTION 901 CANAL ST SPRINGFIELD 90013 CA USA,Noodle Junction,Restaurants,Purchase,38.63,Sample User
08/12/2024,08/13/2024,CLOUDNOTE PRO 25 SAAS ST METROPOLIS 94108 CA USA,CloudNote Pro,Other,Purchase,9.99,Sample User
08/11/2024,08/12/2024,TACO VERDE 2400 SUNSET BLVD RIVERTON 90210 CA USA,Taco Verde,Restaurants,Purchase,9.04,Sample User
08/11/2024,08/13/2024,STYLE OUTLET 78 FASHION SQ RIVERTON 90210 CA USA,Style Outlet,Shopping,Purchase,109.10,Sample User
08/10/2024,08/12/2024,TACO VERDE 2400 SUNSET BLVD RIVERTON 90210 CA USA,Taco Verde,Restaurants,Purchase,10.63,Sample User
08/10/2024,08/12/2024,SQ *COFFEE COLLECTIVE 61 STATION PLZ SPRINGFIELD 90012 CA USA,Coffee Collective,Restaurants,Purchase,11.23,Sample User
08/09/2024,08/10/2024,MEGAMART ONLINE 1 FULFILLMENT RD COMMERCE 98100 WA USA,MegaMart Online,Shopping,Purchase,56.22,Sample User
08/08/2024,08/09/2024,SUNRISE DINER 5 HARBOR RD BAYSIDE 90501 CA USA,Sunrise Diner,Restaurants,Purchase,23.59,Sample User
08/07/2024,08/08/2024,GREENFIELD MARKET 1200 ORCHARD AVE SPRINGFIELD 90011 CA USA,Greenfield Market,Grocery,Purchase,118.45,Sample User
08/05/2024,08/06/2024,HARVEST FOODS 450 MEADOW LN RIVERTON 90210 CA USA,Harvest Foods,Grocery,Purchase,97.98,Sample User
08/05/2024,08/05/2024,GADGET DEPOT MONTHLY INSTALLMENT,Gadget Depot Installments,Installment,Installment,41.62,Sample User
08/05/2024,08/05/2024,ACH DEPOSIT INTERNET TRANSFER FROM ACCOUNT ENDING IN 1122,Ach Deposit Internet Transfer From Account Ending In 1122,Payment,Payment,-1740.00,Sample User
08/04/2024,08/06/2024,HARVEST FOODS 450 MEADOW LN RIVERTON 90210 CA USA,Harvest Foods,Grocery,Purchase,40.84,Sample User
08/04/2024,08/05/2024,HARVEST FOODS 450 MEADOW LN RIVERTON 90210 CA USA,Harvest Foods,Grocery,Purchase,63.01,Sample User
08/03/2024,08/04/2024,SQ *COFFEE COLLECTIVE 61 STATION PLZ SPRINGFIELD 90012 CA USA,Coffee Collective,Restaurants,Purchase,5.97,Sample User
08/03/2024,08/05/2024,TACO VERDE 2400 SUNSET BLVD RIVERTON 90210 CA USA,Taco Verde,Restaurants,Purchase,36.99,Sample User
08/03/2024,08/04/2024,STREAMFLEX 500 MEDIA WAY METROPOLIS 94107 CA USA,StreamFlex,Entertainment,Purchase,15.99,Sample User
08/02/2024,08/04/2024,SUNRISE DINER 5 HARBOR RD BAYSIDE 90501 CA USA,Sunrise Diner,Restaurants,Purchase,31.47,Sample User
08/01/2024,08/03/2024,TST*BLUE DOOR CAFE 18 MAIN ST SPRINGFIELD 90011 CA USA,Blue Door Cafe,Restaurants,Purchase,23.70,Sample User
07/31/2024,08/01/2024,MEGAMART ONLINE 1 FULFILLMENT RD COMMERCE 98100 WA USA,MegaMart Online,Shopping,Purchase,66.10,Sample User
07/30/2024,08/01/2024,GREENFIELD MARKET 1200 ORCHARD AVE SPRINGFIELD 90011 CA USA,Greenfield Market,Grocery,Purchase,50.08,Sample User
07/29/2024,07/30/2024,METRO GAS 210 DEPOT ST RIVERTON 90210 CA USA,Metro Gas,Gas,Purchase,31.97,Sample User
07/28/2024,07/30/2024,MEGAMART ONLINE 1 FULFILLMENT RD COMMERCE 98100 WA USA,MegaMart Online,Shopping,Purchase,135.57,Sample User
07/28/2024,07/29/2024,ROADSTAR FUEL 1500 HIGHWAY 9 SPRINGFIELD 90014 CA USA,Roadstar Fuel,Gas,Purchase,25.10,Sample User
07/27/2024,07/28/2024,TST*BLUE DOOR CAFE 18 MAIN ST SPRINGFIELD 90011 CA USA,Blue Door Cafe,Restaurants,Purchase,15.08,Sample User
07/26/2024,07/28/2024,SUNRISE DINER 5 HARBOR RD BAYSIDE 90501 CA USA,Sunrise Diner,Restaurants,Purchase,32.75,Sample User
07/25/2024,07/26/2024,TST*NOODLE JUNCTION 901 CANAL ST SPRINGFIELD 90013 CA USA,Noodle Junction,Restaurants,Purchase,23.90,Sample User
07/24/2024,07/25/2024,GREENFIELD MARKET 1200 ORCHARD AVE SPRINGFIELD 90011 CA USA,Greenfield Market,Grocery,Purchase,61.74,Sample User
07/23/2024,07/25/2024,GADGET DEPOT 512 CIRCUIT DR METROPOLIS 94103 CA USA,Gadget Depot,Shopping,Purchase,131.18,Sample User
07/22/2024,07/24/2024,METRO GAS 210 DEPOT ST RIVERTON 90210 CA USA,Metro Gas,Gas,Purchase,31.65,Sample User
07/21/2024,07/22/2024,HARVEST FOODS 450 MEADOW LN RIVERTON 90210 CA USA,Harvest Foods,Grocery,Purchase,24.73,Sample User
07/20/2024,07/21/2024,TACO VERDE 2400 SUNSET BLVD RIVERTON 90210 CA USA,Taco Verde,Restaurants,Purchase,36.59,Sample User
07/20/2024,07/22/2024,SQ *COFFEE COLLECTIVE 61 STATION PLZ SPRINGFIELD 90012 CA USA,Coffee Collective,Restaurants,Purchase,4.20,Sample User
07/19/2024,07/21/2024,CORNER GROCER 77 ELM ST SPRINGFIELD 90012 CA USA,Corner Grocer,Grocery,Purchase,14.04,Sample User
07/18/2024,07/20/2024,SUNRISE DINER 5 HARBOR RD BAYSIDE 90501 CA USA,Sunrise Diner,Restaurants,Purchase,38.15,Sample User
07/18/2024,07/19/2024,FITPASS GYM 340 MUSCLE AVE SPRINGFIELD 90016 CA USA,FitPass Gym,Entertainment,Purchase,39.00,Sample User
07/17/2024,07/18/2024,PIZZA PIAZZA 333 OAK AVE SPRINGFIELD 90011 CA USA,Pizza Piazza,Restaurants,Purchase,14.80,Sample User
07/16/2024,07/17/2024,QUICK PRINT SHOP 12 COPY LN SPRINGFIELD 90012 CA USA,Quick Print Shop,Other,Purchase,11.86,Sample User
07/15/2024,07/17/2024,METRO GAS 210 DEPOT ST RIVERTON 90210 CA USA,Metro Gas,Gas,Purchase,31.37,Sample User
07/14/2024,07/15/2024,CINEMA PLAZA 95 PROMENADE SPRINGFIELD 90011 CA USA,Cinema Plaza,Entertainment,Purchase,24.23,Sample User
07/14/2024,07/16/2024,DOWNTOWN CLINIC 30 WELLNESS CT SPRINGFIELD 90015 CA USA,Downtown Clinic,Medical,Purchase,118.96,Sample User
07/13/2024,07/14/2024,MEGAMART ONLINE 1 FULFILLMENT RD COMMERCE 98100 WA USA,MegaMart Online,Shopping,Purchase,71.39,Sample User
07/13/2024,07/15/2024,GREENFIELD MARKET 1200 ORCHARD AVE SPRINGFIELD 90011 CA USA,Greenfield Market,Grocery,Purchase,123.48,Sample User
07/12/2024,07/14/2024,TST*NOODLE JUNCTION 901 CANAL ST SPRINGFIELD 90013 CA USA,Noodle Junction,Restaurants,Purchase,13.35,Sample User
07/12/2024,07/13/2024,CLOUDNOTE PRO 25 SAAS ST METROPOLIS 94108 CA USA,CloudNote Pro,Other,Purchase,9.99,Sample User
07/11/2024,07/12/2024,CORNER GROCER 77 ELM ST SPRINGFIELD 90012 CA USA,Corner Grocer,Grocery,Purchase,13.30,Sample User
07/10/2024,07/11/2024,TST*BLUE DOOR CAFE 18 MAIN ST SPRINGFIELD 90011 CA USA,Blue Door Cafe,Restaurants,Purchase,9.85,Sample User
07/09/2024,07/11/2024,SQ *COFFEE COLLECTIVE 61 STATION PLZ SPRINGFIELD 90012 CA USA,Coffee Collective,Restaurants,Purchase,9.71,Sample User
07/08/2024,07/10/2024,HARVEST FOODS 450 MEADOW LN RIVERTON 90210 CA USA,Harvest Foods,Grocery,Purchase,45.09,Sample User
07/07/2024,07/08/2024,TST*NOODLE JUNCTION 901 CANAL ST SPRINGFIELD 90013 CA USA,Noodle Junction,Restaurants,Purchase,33.04,Sample User
07/07/2024,07/09/2024,SPEEDY CAR RENTAL 300 AIRPORT LOOP MESQUITE FLATS 85301 AZ USA,Speedy Car Rental,Car-rentals,Purchase,216.19,Sample User
07/06/2024,07/08/2024,CINEMA PLAZA 95 PROMENADE SPRINGFIELD 90011 CA USA,Cinema Plaza,Entertainment,Purchase,14.11,Sample User
07/05/2024,07/07/2024,METRO TRANSIT 1 TRANSIT WAY METROPOLIS 94101 CA USA,Metro Transit,Transportation,Purchase,4.21,Sample User
07/05/2024,07/05/2024,GADGET DEPOT MONTHLY INSTALLMENT,Gadget Depot Installments,Installment,Installment,41.62,Sample User
07/05/2024,07/05/2024,ACH DEPOSIT INTERNET TRANSFER FROM ACCOUNT ENDING IN 1122,Ach Deposit Internet Transfer From Account Ending In 1122,Payment,Payment,-1530.00,Sample User
07/04/2024,07/06/2024,TST*BLUE DOOR CAFE 18 MAIN ST SPRINGFIELD 90011 CA USA,Blue Door Cafe,Restaurants,Purchase,15.69,Sample User
07/03/2024,07/05/2024,CINEMA PLAZA 95 PROMENADE SPRINGFIELD 90011 CA USA,Cinema Plaza,Entertainment,Purchase,23.25,Sample User
07/03/2024,07/04/2024,STREAMFLEX 500 MEDIA WAY METROPOLIS 94107 CA USA,StreamFlex,Entertainment,Purchase,15.99,Sample User
07/02/2024,07/04/2024,GREENFIELD MARKET 1200 ORCHARD AVE SPRINGFIELD 90011 CA USA,Greenfield Market,Grocery,Purchase,17.21,Sample User
07/01/2024,07/03/2024,GREENFIELD MARKET 1200 ORCHARD AVE SPRINGFIELD 90011 CA USA,Greenfield Market,Grocery,Purchase,136.81,Sample User
06/30/2024,07/01/2024,MEGAMART ONLINE 1 FULFILLMENT RD COMMERCE 98100 WA USA,MegaMart Online,Shopping,Purchase,49.84,Sample User
06/30/2024,07/02/2024,GADGET DEPOT 512 CIRCUIT DR METROPOLIS 94103 CA USA,Gadget Depot,Shopping,Purchase,50.10,Sample User
06/29/2024,06/30/2024,SQ *COFFEE COLLECTIVE 61 STATION PLZ SPRINGFIELD 90012 CA USA,Coffee Collective,Restaurants,Purchase,15.15,Sample User
06/29/2024,07/01/2024,CITY RIDESHARE 400 TECH PARK DR METROPOLIS 94100 CA USA,City Rideshare,Transportation,Purchase,27.46,Sample User
06/28/2024,06/29/2024,GREENFIELD MARKET 1200 ORCHARD AVE SPRINGFIELD 90011 CA USA,Greenfield Market,Grocery,Purchase,22.57,Sample User
06/27/2024,06/28/2024,TST*NOODLE JUNCTION 901 CANAL ST SPRINGFIELD 90013 CA USA,Noodle Junction,Restaurants,Purchase,31.39,Sample User
06/26/2024,06/28/2024,SQ *COFFEE COLLECTIVE 61 STATION PLZ SPRINGFIELD 90012 CA USA,Coffee Collective,Restaurants,Purchase,15.19,Sample User
06/25/2024,06/26/2024,CITY BIKE SHARE 600 GREENWAY METROPOLIS 94102 CA USA,City Bike Share,Entertainment,Purchase,4.79,Sample User
06/24/2024,06/26/2024,TST*BLUE DOOR CAFE 18 MAIN ST SPRINGFIELD 90011 CA USA,Blue Door Cafe,Restaurants,Purchase,14.88,Sample User
06/24/2024,06/24/2024,DAILY CASH ADJUSTMENT,Daily Cash Adjustment,Debit,Debit,0.81,Sample User
06/23/2024,06/25/2024,CITY BIKE SHARE 600 GREENWAY METROPOLIS 94102 CA USA,City Bike Share,Entertainment,Purchase,15.10,Sample User
06/23/2024,06/25/2024,SQ *COFFEE COLLECTIVE 61 STATION PLZ SPRINGFIELD 90012 CA USA,Coffee Collective,Restaurants,Purchase,7.91,Sample User
06/22/2024,06/24/2024,CINEMA PLAZA 95 PROMENADE SPRINGFIELD 90011 CA USA,Cinema Plaza,Entertainment,Purchase,36.00,Sample User
06/22/2024,06/24/2024,HARVEST FOODS 450 MEADOW LN RIVERTON 90210 CA USA,Harvest Foods,Grocery,Purchase,17.66,Sample User
06/21/2024,06/22/2024,CORNER GROCER 77 ELM ST SPRINGFIELD 90012 CA USA,Corner Grocer,Grocery,Purchase,36.83,Sample User
06/20/2024,06/21/2024,SUNRISE DINER 5 HARBOR RD BAYSIDE 90501 CA USA,Sunrise Diner,Restaurants,Purchase,12.18,Sample User
06/19/2024,06/21/2024,PARKING PLUS 450 GARAGE WAY METROPOLIS 94105 CA USA,Parking Plus,Other,Purchase,7.99,Sample User
06/18/2024,06/20/2024,GREENFIELD MARKET 1200 ORCHARD AVE SPRINGFIELD 90011 CA USA,Greenfield Market,Grocery,Purchase,91.29,Sample User
06/18/2024,06/19/2024,FITPASS GYM 340 MUSCLE AVE SPRINGFIELD 90016 CA USA,FitPass Gym,Entertainment,Purchase,39.00,Sample User
06/17/2024,06/18/2024,CORNER GROCER 77 ELM ST SPRINGFIELD 90012 CA USA,Corner Grocer,Grocery,Purchase,35.99,Sample User
06/16/2024,06/17/2024,TST*NOODLE JUNCTION 901 CANAL ST SPRINGFIELD 90013 CA USA,Noodle Junction,Restaurants,Purchase,50.68,Sample User
06/16/2024,06/17/2024,TST*NOODLE JUNCTION 901 CANAL ST SPRINGFIELD 90013 CA USA,Noodle Junction,Restaurants,Purchase,13.29,Sample User
06/15/2024,06/16/2024,HARVEST FOODS 450 MEADOW LN RIVERTON 90210 CA USA,Harvest Foods,Grocery,Purchase,100.71,Sample User
06/15/2024,06/16/2024,CORNER GROCER 77 ELM ST SPRINGFIELD 90012 CA USA,Corner Grocer,Grocery,Purchase,9.41,Sample User
06/14/2024,06/15/2024,SUNRISE DINER 5 HARBOR RD BAYSIDE 90501 CA USA,Sunrise Diner,Restaurants,Purchase,27.94,Sample User
06/14/2024,06/16/2024,CITY RIDESHARE 400 TECH PARK DR METROPOLIS 94100 CA USA,City Rideshare,Transportation,Purchase,23.91,Sample User
06/13/2024,06/14/2024,SQ *COFFEE COLLECTIVE 61 STATION PLZ SPRINGFIELD 90012 CA USA,Coffee Collective,Restaurants,Purchase,5.26,Sample User
06/13/2024,06/14/2024,GREENFIELD MARKET 1200 ORCHARD AVE SPRINGFIELD 90011 CA USA,Greenfield Market,Grocery,Purchase,118.71,Sample User
06/12/2024,06/14/2024,TST*SUSHI GROVE 840 GARDEN WAY RIVERTON 90210 CA USA,Sushi Grove,Restaurants,Purchase,37.59,Sample User
06/12/2024,06/13/2024,CLOUDNOTE PRO 25 SAAS ST METROPOLIS 94108 CA USA,CloudNote Pro,Other,Purchase,9.99,Sample User
06/11/2024,06/13/2024,CITY BIKE SHARE 600 GREENWAY METROPOLIS 94102 CA USA,City Bike Share,Entertainment,Purchase,7.65,Sample User
06/10/2024,06/12/2024,GREENFIELD MARKET 1200 ORCHARD AVE SPRINGFIELD 90011 CA USA,Greenfield Market,Grocery,Purchase,31.95,Sample User
06/09/2024,06/11/2024,CINEMA PLAZA 95 PROMENADE SPRINGFIELD 90011 CA USA,Cinema Plaza,Entertainment,Purchase,16.65,Sample User
06/09/2024,06/10/2024,SHIELD INSURANCE 700 SECURE BLVD COMMERCE 98101 WA USA,Shield Insurance,Insurance,Purchase,100.28,Sample User
06/08/2024,06/09/2024,MEGAMART ONLINE 1 FULFILLMENT RD COMMERCE 98100 WA USA,MegaMart Online,Shopping,Purchase,103.04,Sample User
06/07/2024,06/08/2024,CITY BIKE SHARE 600 GREENWAY METROPOLIS 94102 CA USA,City Bike Share,Entertainment,Purchase,6.20,Sample User
06/06/2024,06/08/2024,CITY PHARMACY 88 MAIN ST SPRINGFIELD 90011 CA USA,City Pharmacy,Medical,Purchase,15.74,Sample User
06/05/2024,06/07/2024,BURGER BARN 710 RANCH RD MESQUITE FLATS 85300 AZ USA,Burger Barn,Restaurants,Purchase,29.81,Sample User
06/05/2024,06/05/2024,GADGET DEPOT MONTHLY INSTALLMENT,Gadget Depot Installments,Installment,Installment,41.62,Sample User
06/05/2024,06/05/2024,ACH DEPOSIT INTERNET TRANSFER FROM ACCOUNT ENDING IN 1122,Ach Deposit Internet Transfer From Account Ending In 1122,Payment,Payment,-1810.00,Sample User
06/04/2024,06/05/2024,SQ *COFFEE COLLECTIVE 61 STATION PLZ SPRINGFIELD 90012 CA USA,Coffee Collective,Restaurants,Purchase,8.61,Sample User
06/03/2024,06/05/2024,GREENFIELD MARKET 1200 ORCHARD AVE SPRINGFIELD 90011 CA USA,Greenfield Market,Grocery,Purchase,35.96,Sample User
06/03/2024,06/04/2024,STREAMFLEX 500 MEDIA WAY METROPOLIS 94107 CA USA,StreamFlex,Entertainment,Purchase,15.99,Sample User
06/02/2024,06/04/2024,TST*BLUE DOOR CAFE 18 MAIN ST SPRINGFIELD 90011 CA USA,Blue Door Cafe,Restaurants,Purchase,29.90,Sample User
06/02/2024,06/04/2024,CITY BIKE SHARE 600 GREENWAY METROPOLIS 94102 CA USA,City Bike Share,Entertainment,Purchase,17.81,Sample User
06/01/2024,06/02/2024,GREENFIELD MARKET 1200 ORCHARD AVE SPRINGFIELD 90011 CA USA,Greenfield Market,Grocery,Purchase,137.74,Sample User
06/01/2024,06/03/2024,CORNER GROCER 77 ELM ST SPRINGFIELD 90012 CA USA,Corner Grocer,Grocery,Purchase,40.19,Sample User
05/31/2024,06/01/2024,GREENFIELD MARKET 1200 ORCHARD AVE SPRINGFIELD 90011 CA USA,Greenfield Market,Grocery,Purchase,83.10,Sample User
05/31/2024,06/01/2024,TST*BLUE DOOR CAFE 18 MAIN ST SPRINGFIELD 90011 CA USA,Blue Door Cafe,Restaurants,Purchase,30.98,Sample User
05/30/2024,05/31/2024,SQ *COFFEE COLLECTIVE 61 STATION PLZ SPRINGFIELD 90012 CA USA,Coffee Collective,Restaurants,Purchase,5.20,Sample User
05/29/2024,05/31/2024,CITY PHARMACY 88 MAIN ST SPRINGFIELD 90011 CA USA,City Pharmacy,Medical,Purchase,14.35,Sample User
05/28/2024,05/30/2024,TST*BLUE DOOR CAFE 18 MAIN ST SPRINGFIELD 90011 CA USA,Blue Door Cafe,Restaurants,Purchase,23.04,Sample User
05/27/2024,05/29/2024,GREENFIELD MARKET 1200 ORCHARD AVE SPRINGFIELD 90011 CA USA,Greenfield Market,Grocery,Purchase,74.42,Sample User
05/26/2024,05/27/2024,CINEMA PLAZA 95 PROMENADE SPRINGFIELD 90011 CA USA,Cinema Plaza,Entertainment,Purchase,30.34,Sample User
05/26/2024,05/28/2024,METRO TRANSIT 1 TRANSIT WAY METROPOLIS 94101 CA USA,Metro Transit,Transportation,Purchase,8.62,Sample User
05/25/2024,05/26/2024,BURGER BARN 710 RANCH RD MESQUITE FLATS 85300 AZ USA,Burger Barn,Restaurants,Purchase,12.05,Sample User
05/25/2024,05/26/2024,CITY PHARMACY 88 MAIN ST SPRINGFIELD 90011 CA USA,City Pharmacy,Medical,Purchase,33.63,Sample User
05/24/2024,05/26/2024,HARVEST FOODS 450 MEADOW LN RIVERTON 90210 CA USA,Harvest Foods,Grocery,Purchase,86.46,Sample User
05/23/2024,05/25/2024,GREENFIELD MARKET 1200 ORCHARD AVE SPRINGFIELD 90011 CA USA,Greenfield Market,Grocery,Purchase,131.75,Sample User
05/22/2024,05/23/2024,CITY RIDESHARE 400 TECH PARK DR METROPOLIS 94100 CA USA,City Rideshare,Transportation,Purchase,29.51,Sample User
05/22/2024,05/23/2024,QUICK PRINT SHOP 12 COPY LN SPRINGFIELD 90012 CA USA,Quick Print Shop,Other,Purchase,20.75,Sample User
05/22/2024,05/22/2024,DAILY CASH ADJUSTMENT,Daily Cash Adjustment,Debit,Debit,1.44,Sample User
05/21/2024,05/23/2024,MEGAMART ONLINE 1 FULFILLMENT RD COMMERCE 98100 WA USA,MegaMart Online,Shopping,Purchase,163.31,Sample User
05/20/2024,05/21/2024,ROADSTAR FUEL 1500 HIGHWAY 9 SPRINGFIELD 90014 CA USA,Roadstar Fuel,Gas,Purchase,57.11,Sample User
05/19/2024,05/21/2024,METRO TRANSIT 1 TRANSIT WAY METROPOLIS 94101 CA USA,Metro Transit,Transportation,Purchase,8.71,Sample User
05/19/2024,05/20/2024,CITY RIDESHARE 400 TECH PARK DR METROPOLIS 94100 CA USA,City Rideshare,Transportation,Purchase,10.99,Sample User
05/18/2024,05/19/2024,MEGAMART ONLINE 1 FULFILLMENT RD COMMERCE 98100 WA USA,MegaMart Online,Shopping,Purchase,38.61,Sample User
05/18/2024,05/19/2024,MEGAMART ONLINE 1 FULFILLMENT RD COMMERCE 98100 WA USA,MegaMart Online,Shopping,Purchase,41.56,Sample User
05/18/2024,05/19/2024,FITPASS GYM 340 MUSCLE AVE SPRINGFIELD 90016 CA USA,FitPass Gym,Entertainment,Purchase,39.00,Sample User
05/17/2024,05/18/2024,HARVEST FOODS 450 MEADOW LN RIVERTON 90210 CA USA,Harvest Foods,Grocery,Purchase,28.75,Sample User
05/16/2024,05/17/2024,GREENFIELD MARKET 1200 ORCHARD AVE SPRINGFIELD 90011 CA USA,Greenfield Market,Grocery,Purchase,89.19,Sample User
05/15/2024,05/16/2024,ROADSTAR FUEL 1500 HIGHWAY 9 SPRINGFIELD 90014 CA USA,Roadstar Fuel,Gas,Purchase,36.38,Sample User
05/14/2024,05/15/2024,BURGER BARN 710 RANCH RD MESQUITE FLATS 85300 AZ USA,Burger Barn,Restaurants,Purchase,25.27,Sample User
05/13/2024,05/14/2024,TST*BLUE DOOR CAFE 18 MAIN ST SPRINGFIELD 90011 CA USA,Blue Door Cafe,Restaurants,Purchase,20.39,Sample User
05/12/2024,05/13/2024,TST*BLUE DOOR CAFE 18 MAIN ST SPRINGFIELD 90011 CA USA,Blue Door Cafe,Restaurants,Purchase,35.60,Sample User
05/12/2024,05/13/2024,TST*SUSHI GROVE 840 GARDEN WAY RIVERTON 90210 CA USA,Sushi Grove,Restaurants,Purchase,67.13,Sample User
05/12/2024,05/13/2024,CLOUDNOTE PRO 25 SAAS ST METROPOLIS 94108 CA USA,CloudNote Pro,Other,Purchase,9.99,Sample User
05/11/2024,05/12/2024,EXPRESS TOLL PO BOX 100 METROPOLIS 94106 CA USA,Express Toll,Tolls,Purchase,9.76,Sample User
05/11/2024,05/13/2024,SQ *COFFEE COLLECTIVE 61 STATION PLZ SPRINGFIELD 90012 CA USA,Coffee Collective,Restaurants,Purchase,8.23,Sample User
05/10/2024,05/11/2024,PARKING PLUS 450 GARAGE WAY METROPOLIS 94105 CA USA,Parking Plus,Other,Purchase,21.70,Sample User
05/09/2024,05/10/2024,TST*BLUE DOOR CAFE 18 MAIN ST SPRINGFIELD 90011 CA USA,Blue Door Cafe,Restaurants,Purchase,13.27,Sample User
05/08/2024,05/09/2024,CORNER GROCER 77 ELM ST SPRINGFIELD 90012 CA USA,Corner Grocer,Grocery,Purchase,38.08,Sample User
05/07/2024,05/08/2024,TST*BLUE DOOR CAFE 18 MAIN ST SPRINGFIELD 90011 CA USA,Blue Door Cafe,Restaurants,Purchase,19.10,Sample User
05/06/2024,05/08/2024,SQ *COFFEE COLLECTIVE 61 STATION PLZ SPRINGFIELD 90012 CA USA,Coffee Collective,Restaurants,Purchase,7.03,Sample User
05/06/2024,05/07/2024,FUN ZONE ARCADE 22 PIER AVE BAYSIDE 90501 CA USA,Fun Zone Arcade,Entertainment,Purchase,16.16,Sample User
05/05/2024,05/06/2024,GREENFIELD MARKET 1200 ORCHARD AVE SPRINGFIELD 90011 CA USA,Greenfield Market,Grocery,Purchase,123.54,Sample User
05/05/2024,05/07/2024,SQ *COFFEE COLLECTIVE 61 STATION PLZ SPRINGFIELD 90012 CA USA,Coffee Collective,Restaurants,Purchase,5.77,Sample User
05/05/2024,05/05/2024,GADGET DEPOT MONTHLY INSTALLMENT,Gadget Depot Installments,Installment,Installment,41.62,Sample User
05/05/2024,05/05/2024,ACH DEPOSIT INTERNET TRANSFER FROM ACCOUNT ENDING IN 1122,Ach Deposit Internet Transfer From Account Ending In 1122,Payment,Payment,-1850.00,Sample User
05/04/2024,05/05/2024,TST*SUSHI GROVE 840 GARDEN WAY RIVERTON 90210 CA USA,Sushi Grove,Restaurants,Purchase,91.01,Sample User
05/04/2024,05/06/2024,TACO VERDE 2400 SUNSET BLVD RIVERTON 90210 CA USA,Taco Verde,Restaurants,Purchase,17.89,Sample User
05/03/2024,05/05/2024,TST*BLUE DOOR CAFE 18 MAIN ST SPRINGFIELD 90011 CA USA,Blue Door Cafe,Restaurants,Purchase,15.61,Sample User
05/03/2024,05/04/2024,STREAMFLEX 500 MEDIA WAY METROPOLIS 94107 CA USA,StreamFlex,Entertainment,Purchase,15.99,Sample User
05/02/2024,05/03/2024,GREENFIELD MARKET 1200 ORCHARD AVE SPRINGFIELD 90011 CA USA,Greenfield Market,Grocery,Purchase,92.09,Sample User
05/02/2024,05/04/2024,TST*BLUE DOOR CAFE 18 MAIN ST SPRINGFIELD 90011 CA USA,Blue Door Cafe,Restaurants,Purchase,6.20,Sample User
05/01/2024,05/02/2024,TST*BLUE DOOR CAFE 18 MAIN ST SPRINGFIELD 90011 CA USA,Blue Door Cafe,Restaurants,Purchase,14.37,Sample User
05/01/2024,05/03/2024,TST*NOODLE JUNCTION 901 CANAL ST SPRINGFIELD 90013 CA USA,Noodle Junction,Restaurants,Purchase,39.07,Sample User
04/30/2024,05/02/2024,METRO TRANSIT 1 TRANSIT WAY METROPOLIS 94101 CA USA,Metro Transit,Transportation,Purchase,5.70,Sample User
04/30/2024,05/02/2024,CITY BIKE SHARE 600 GREENWAY METROPOLIS 94102 CA USA,City Bike Share,Entertainment,Purchase,10.36,Sample User
04/29/2024,05/01/2024,TST*BLUE DOOR CAFE 18 MAIN ST SPRINGFIELD 90011 CA USA,Blue Door Cafe,Restaurants,Purchase,14.98,Sample User
04/28/2024,04/29/2024,SQ *COFFEE COLLECTIVE 61 STATION PLZ SPRINGFIELD 90012 CA USA,Coffee Collective,Restaurants,Purchase,9.06,Sample User
04/28/2024,04/30/2024,GREENFIELD MARKET 1200 ORCHARD AVE SPRINGFIELD 90011 CA USA,Greenfield Market,Grocery,Purchase,122.08,Sample User
04/27/2024,04/28/2024,PARKING PLUS 450 GARAGE WAY METROPOLIS 94105 CA USA,Parking Plus,Other,Purchase,8.70,Sample User
04/27/2024,04/28/2024,GREENFIELD MARKET 1200 ORCHARD AVE SPRINGFIELD 90011 CA USA,Greenfield Market,Grocery,Purchase,52.55,Sample User
04/27/2024,04/28/2024,HARBORVIEW HOTEL 2 SEASIDE BLVD BAYSIDE 90501 CA USA,Harborview Hotel,Credit,Credit,-224.78,Sample User
04/26/2024,04/27/2024,METRO TRANSIT 1 TRANSIT WAY METROPOLIS 94101 CA USA,Metro Transit,Transportation,Purchase,11.71,Sample User
04/26/2024,04/28/2024,CITY RIDESHARE 400 TECH PARK DR METROPOLIS 94100 CA USA,City Rideshare,Transportation,Purchase,16.14,Sample User
04/25/2024,04/26/2024,BURGER BARN 710 RANCH RD MESQUITE FLATS 85300 AZ USA,Burger Barn,Restaurants,Purchase,9.11,Sample User
04/24/2024,04/25/2024,PIZZA PIAZZA 333 OAK AVE SPRINGFIELD 90011 CA USA,Pizza Piazza,Restaurants,Purchase,21.62,Sample User
04/23/2024,04/24/2024,BURGER BARN 710 RANCH RD MESQUITE FLATS 85300 AZ USA,Burger Barn,Restaurants,Purchase,24.34,Sample User
04/23/2024,04/24/2024,TST*BLUE DOOR CAFE 18 MAIN ST SPRINGFIELD 90011 CA USA,Blue Door Cafe,Restaurants,Purchase,22.66,Sample User
04/22/2024,04/23/2024,SQ *COFFEE COLLECTIVE 61 STATION PLZ SPRINGFIELD 90012 CA USA,Coffee Collective,Restaurants,Purchase,10.18,Sample User
04/21/2024,04/22/2024,TACO VERDE 2400 SUNSET BLVD RIVERTON 90210 CA USA,Taco Verde,Restaurants,Purchase,31.77,Sample User
04/21/2024,04/23/2024,SUNRISE DINER 5 HARBOR RD BAYSIDE 90501 CA USA,Sunrise Diner,Restaurants,Purchase,30.85,Sample User
04/20/2024,04/22/2024,METRO TRANSIT 1 TRANSIT WAY METROPOLIS 94101 CA USA,Metro Transit,Transportation,Purchase,11.36,Sample User
04/20/2024,04/22/2024,GREENFIELD MARKET 1200 ORCHARD AVE SPRINGFIELD 90011 CA USA,Greenfield Market,Grocery,Purchase,77.46,Sample User
04/19/2024,04/21/2024,CINEMA PLAZA 95 PROMENADE SPRINGFIELD 90011 CA USA,Cinema Plaza,Entertainment,Purchase,20.56,Sample User
04/19/2024,04/21/2024,SUNRISE DINER 5 HARBOR RD BAYSIDE 90501 CA USA,Sunrise Diner,Restaurants,Purchase,38.05,Sample User
04/18/2024,04/20/2024,SQ *COFFEE COLLECTIVE 61 STATION PLZ SPRINGFIELD 90012 CA USA,Coffee Collective,Restaurants,Purchase,9.49,Sample User
04/18/2024,04/19/2024,FITPASS GYM 340 MUSCLE AVE SPRINGFIELD 90016 CA USA,FitPass Gym,Entertainment,Purchase,39.00,Sample User
04/17/2024,04/18/2024,GREENFIELD MARKET 1200 ORCHARD AVE SPRINGFIELD 90011 CA USA,Greenfield Market,Grocery,Purchase,39.79,Sample User
04/16/2024,04/17/2024,ROADSTAR FUEL 1500 HIGHWAY 9 SPRINGFIELD 90014 CA USA,Roadstar Fuel,Gas,Purchase,58.25,Sample User
04/15/2024,04/17/2024,SQ *COFFEE COLLECTIVE 61 STATION PLZ SPRINGFIELD 90012 CA USA,Coffee Collective,Restaurants,Purchase,10.62,Sample User
04/14/2024,04/16/2024,PIZZA PIAZZA 333 OAK AVE SPRINGFIELD 90011 CA USA,Pizza Piazza,Restaurants,Purchase,28.41,Sample User
04/14/2024,04/15/2024,PIZZA PIAZZA 333 OAK AVE SPRINGFIELD 90011 CA USA,Pizza Piazza,Restaurants,Purchase,29.23,Sample User
04/13/2024,04/15/2024,METRO TRANSIT 1 TRANSIT WAY METROPOLIS 94101 CA USA,Metro Transit,Transportation,Purchase,8.84,Sample User
04/13/2024,04/14/2024,TST*BLUE DOOR CAFE 18 MAIN ST SPRINGFIELD 90011 CA USA,Blue Door Cafe,Restaurants,Purchase,22.76,Sample User
04/12/2024,04/14/2024,CORNER GROCER 77 ELM ST SPRINGFIELD 90012 CA USA,Corner Grocer,Grocery,Purchase,43.12,Sample User
04/12/2024,04/13/2024,HARVEST FOODS 450 MEADOW LN RIVERTON 90210 CA USA,Harvest Foods,Grocery,Purchase,71.05,Sample User
04/12/2024,04/13/2024,CLOUDNOTE PRO 25 SAAS ST METROPOLIS 94108 CA USA,CloudNote Pro,Other,Purchase,9.99,Sample User
04/11/2024,04/12/2024,HARVEST FOODS 450 MEADOW LN RIVERTON 90210 CA USA,Harvest Foods,Grocery,Purchase,37.81,Sample User
04/10/2024,04/11/2024,PARKING PLUS 450 GARAGE WAY METROPOLIS 94105 CA USA,Parking Plus,Other,Purchase,9.87,Sample User
04/09/2024,04/11/2024,TST*NOODLE JUNCTION 901 CANAL ST SPRINGFIELD 90013 CA USA,Noodle Junction,Restaurants,Purchase,34.77,Sample User
04/08/2024,04/09/2024,CITY RIDESHARE 400 TECH PARK DR METROPOLIS 94100 CA USA,City Rideshare,Transportation,Purchase,8.63,Sample User
04/08/2024,04/09/2024,PACIFIC AIR 100 SKYWAY METROPOLIS 94104 CA USA,Pacific Air,Airlines,Purchase,169.55,Sample User
04/07/2024,04/09/2024,EXPRESS TOLL PO BOX 100 METROPOLIS 94106 CA USA,Express Toll,Tolls,Purchase,7.60,Sample User
04/07/2024,04/08/2024,ROADSTAR FUEL 1500 HIGHWAY 9 SPRINGFIELD 90014 CA USA,Roadstar Fuel,Gas,Purchase,53.57,Sample User
04/06/2024,04/08/2024,GREENFIELD MARKET 1200 ORCHARD AVE SPRINGFIELD 90011 CA USA,Greenfield Market,Grocery,Purchase,13.54,Sample User
04/06/2024,04/08/2024,SQ *COFFEE COLLECTIVE 61 STATION PLZ SPRINGFIELD 90012 CA USA,Coffee Collective,Restaurants,Purchase,6.35,Sample User
04/06/2024,04/08/2024,MEGAMART ONLINE 1 FULFILLMENT RD COMMERCE 98100 WA USA,MegaMart Online,Shopping,Purchase,70.61,Sample User
04/05/2024,04/07/2024,MEGAMART ONLINE 1 FULFILLMENT RD COMMERCE 98100 WA USA,MegaMart Online,Shopping,Purchase,83.35,Sample User
04/05/2024,04/07/2024,CITY PHARMACY 88 MAIN ST SPRINGFIELD 90011 CA USA,City Pharmacy,Medical,Purchase,40.63,Sample User
04/05/2024,04/05/2024,GADGET DEPOT MONTHLY INSTALLMENT,Gadget Depot Installments,Installment,Installment,41.62,Sample User
04/05/2024,04/05/2024,ACH DEPOSIT INTERNET TRANSFER FROM ACCOUNT ENDING IN 1122,Ach Deposit Internet Transfer From Account Ending In 1122,Payment,Payment,-2860.00,Sample User
04/04/2024,04/06/2024,GREENFIELD MARKET 1200 ORCHARD AVE SPRINGFIELD 90011 CA USA,Greenfield Market,Grocery,Purchase,54.35,Sample User
04/04/2024,04/05/2024,TST*BLUE DOOR CAFE 18 MAIN ST SPRINGFIELD 90011 CA USA,Blue Door Cafe,Restaurants,Purchase,12.60,Sample User
04/03/2024,04/04/2024,METRO TRANSIT 1 TRANSIT WAY METROPOLIS 94101 CA USA,Metro Transit,Transportation,Purchase,3.77,Sample User
04/03/2024,04/05/2024,HARVEST FOODS 450 MEADOW LN RIVERTON 90210 CA USA,Harvest Foods,Grocery,Purchase,96.39,Sample User
04/03/2024,04/04/2024,STREAMFLEX 500 MEDIA WAY METROPOLIS 94107 CA USA,StreamFlex,Entertainment,Purchase,15.99,Sample User
04/02/2024,04/03/2024,GREENFIELD MARKET 1200 ORCHARD AVE SPRINGFIELD 90011 CA USA,Greenfield Market,Grocery,Purchase,16.88,Sample User
04/02/2024,04/04/2024,CITY RIDESHARE 400 TECH PARK DR METROPOLIS 94100 CA USA,City Rideshare,Transportation,Purchase,30.47,Sample User
04/01/2024,04/03/2024,HARBORVIEW HOTEL 2 SEASIDE BLVD BAYSIDE 90501 CA USA,Harborview Hotel,Hotels,Purchase,165.68,Sample User
03/31/2024,04/02/2024,SUNRISE DINER 5 HARBOR RD BAYSIDE 90501 CA USA,Sunrise Diner,Restaurants,Purchase,46.10,Sample User
03/31/2024,04/02/2024,GREENFIELD MARKET 1200 ORCHARD AVE SPRINGFIELD 90011 CA USA,Greenfield Market,Grocery,Purchase,116.00,Sample User
03/31/2024,04/02/2024,METRO GAS 210 DEPOT ST RIVERTON 90210 CA USA,Metro Gas,Gas,Purchase,38.38,Sample User
03/30/2024,04/01/2024,CITY BIKE SHARE 600 GREENWAY METROPOLIS 94102 CA USA,City Bike Share,Entertainment,Purchase,12.30,Sample User
03/30/2024,04/01/2024,BURGER BARN 710 RANCH RD MESQUITE FLATS 85300 AZ USA,Burger Barn,Restaurants,Purchase,23.35,Sample User
03/29/2024,03/31/2024,STYLE OUTLET 78 FASHION SQ RIVERTON 90210 CA USA,Style Outlet,Shopping,Purchase,131.63,Sample User
03/29/2024,03/31/2024,GREENFIELD MARKET 1200 ORCHARD AVE SPRINGFIELD 90011 CA USA,Greenfield Market,Grocery,Purchase,94.83,Sample User
03/28/2024,03/30/2024,GREENFIELD MARKET 1200 ORCHARD AVE SPRINGFIELD 90011 CA USA,Greenfield Market,Grocery,Purchase,134.10,Sample User
03/28/2024,03/29/2024,GREENFIELD MARKET 1200 ORCHARD AVE SPRINGFIELD 90011 CA USA,Greenfield Market,Grocery,Purchase,60.29,Sample User
03/27/2024,03/29/2024,CITY RIDESHARE 400 TECH PARK DR METROPOLIS 94100 CA USA,City Rideshare,Transportation,Purchase,8.97,Sample User
03/27/2024,03/28/2024,TST*NOODLE JUNCTION 901 CANAL ST SPRINGFIELD 90013 CA USA,Noodle Junction,Restaurants,Purchase,28.22,Sample User
03/26/2024,03/28/2024,GADGET DEPOT 512 CIRCUIT DR METROPOLIS 94103 CA USA,Gadget Depot,Shopping,Purchase,51.78,Sample User
03/26/2024,03/28/2024,HARVEST FOODS 450 MEADOW LN RIVERTON 90210 CA USA,Harvest Foods,Grocery,Purchase,48.42,Sample User
03/25/2024,03/26/2024,PIZZA PIAZZA 333 OAK AVE SPRINGFIELD 90011 CA USA,Pizza Piazza,Restaurants,Purchase,44.00,Sample User
03/25/2024,03/27/2024,GREENFIELD MARKET 1200 ORCHARD AVE SPRINGFIELD 90011 CA USA,Greenfield Market,Grocery,Purchase,122.17,Sample User
03/24/2024,03/26/2024,GREENFIELD MARKET 1200 ORCHARD AVE SPRINGFIELD 90011 CA USA,Greenfield Market,Grocery,Purchase,137.92,Sample User
03/24/2024,03/26/2024,SQ *COFFEE COLLECTIVE 61 STATION PLZ SPRINGFIELD 90012 CA USA,Coffee Collective,Restaurants,Purchase,10.81,Sample User
03/23/2024,03/24/2024,TST*BLUE DOOR CAFE 18 MAIN ST SPRINGFIELD 90011 CA USA,Blue Door Cafe,Restaurants,Purchase,20.63,Sample User
03/23/2024,03/25/2024,SUNRISE DINER 5 HARBOR RD BAYSIDE 90501 CA USA,Sunrise Diner,Restaurants,Purchase,25.68,Sample User
03/22/2024,03/23/2024,CITY RIDESHARE 400 TECH PARK DR METROPOLIS 94100 CA USA,City Rideshare,Transportation,Purchase,15.53,Sample User
03/22/2024,03/23/2024,SUNRISE DINER 5 HARBOR RD BAYSIDE 90501 CA USA,Sunrise Diner,Restaurants,Purchase,26.20,Sample User
03/21/2024,03/22/2024,HARVEST FOODS 450 MEADOW LN RIVERTON 90210 CA USA,Harvest Foods,Grocery,Purchase,93.31,Sample User
03/21/2024,03/22/2024,CITY RIDESHARE 400 TECH PARK DR METROPOLIS 94100 CA USA,City Rideshare,Transportation,Purchase,25.82,Sample User
03/20/2024,03/21/2024,TACO VERDE 2400 SUNSET BLVD RIVERTON 90210 CA USA,Taco Verde,Restaurants,Purchase,15.93,Sample User
03/20/2024,03/22/2024,CITY RIDESHARE 400 TECH PARK DR METROPOLIS 94100 CA USA,City Rideshare,Transportation,Purchase,13.11,Sample User
03/19/2024,03/21/2024,GREENFIELD MARKET 1200 ORCHARD AVE SPRINGFIELD 90011 CA USA,Greenfield Market,Grocery,Purchase,105.90,Sample User
03/18/2024,03/19/2024,MEGAMART ONLINE 1 FULFILLMENT RD COMMERCE 98100 WA USA,MegaMart Online,Shopping,Purchase,173.02,Sample User
03/18/2024,03/19/2024,FITPASS GYM 340 MUSCLE AVE SPRINGFIELD 90016 CA USA,FitPass Gym,Entertainment,Purchase,39.00,Sample User
03/17/2024,03/19/2024,PIZZA PIAZZA 333 OAK AVE SPRINGFIELD 90011 CA USA,Pizza Piazza,Restaurants,Purchase,55.42,Sample User
03/17/2024,03/18/2024,SQ *COFFEE COLLECTIVE 61 STATION PLZ SPRINGFIELD 90012 CA USA,Coffee Collective,Restaurants,Purchase,6.02,Sample User
03/16/2024,03/17/2024,SPEEDY CAR RENTAL 300 AIRPORT LOOP MESQUITE FLATS 85301 AZ USA,Speedy Car Rental,Car-rentals,Purchase,219.96,Sample User
03/16/2024,03/17/2024,BURGER BARN 710 RANCH RD MESQUITE FLATS 85300 AZ USA,Burger Barn,Restaurants,Purchase,19.69,Sample User
03/15/2024,03/17/2024,TST*NOODLE JUNCTION 901 CANAL ST SPRINGFIELD 90013 CA USA,Noodle Junction,Restaurants,Purchase,30.76,Sample User
03/15/2024,03/17/2024,CITY BIKE SHARE 600 GREENWAY METROPOLIS 94102 CA USA,City Bike Share,Entertainment,Purchase,12.37,Sample User
03/14/2024,03/16/2024,MEGAMART ONLINE 1 FULFILLMENT RD COMMERCE 98100 WA USA,MegaMart Online,Shopping,Purchase,144.51,Sample User
03/13/2024,03/14/2024,CINEMA PLAZA 95 PROMENADE SPRINGFIELD 90011 CA USA,Cinema Plaza,Entertainment,Purchase,41.36,Sample User
03/12/2024,03/14/2024,PARKING PLUS 450 GARAGE WAY METROPOLIS 94105 CA USA,Parking Plus,Other,Purchase,19.20,Sample User
03/12/2024,03/13/2024,CLOUDNOTE PRO 25 SAAS ST METROPOLIS 94108 CA USA,CloudNote Pro,Other,Purchase,9.99,Sample User
03/11/2024,03/12/2024,TST*NOODLE JUNCTION 901 CANAL ST SPRINGFIELD 90013 CA USA,Noodle Junction,Restaurants,Purchase,54.80,Sample User
03/10/2024,03/11/2024,SUNRISE DINER 5 HARBOR RD BAYSIDE 90501 CA USA,Sunrise Diner,Restaurants,Purchase,41.67,Sample User
03/10/2024,03/11/2024,CITY PARKING METERS CITY HALL SPRINGFIELD 90011 CA USA,City Parking Meters,Govt-services-parking,Purchase,8.71,Sample User
03/09/2024,03/11/2024,MEGAMART ONLINE 1 FULFILLMENT RD COMMERCE 98100 WA USA,MegaMart Online,Shopping,Purchase,19.23,Sample User
03/09/2024,03/11/2024,SQ *COFFEE COLLECTIVE 61 STATION PLZ SPRINGFIELD 90012 CA USA,Coffee Collective,Restaurants,Purchase,8.70,Sample User
03/08/2024,03/10/2024,GREENFIELD MARKET 1200 ORCHARD AVE SPRINGFIELD 90011 CA USA,Greenfield Market,Grocery,Purchase,9.28,Sample User
03/07/2024,03/09/2024,GREENFIELD MARKET 1200 ORCHARD AVE SPRINGFIELD 90011 CA USA,Greenfield Market,Grocery,Purchase,65.06,Sample User
03/06/2024,03/07/2024,PIZZA PIAZZA 333 OAK AVE SPRINGFIELD 90011 CA USA,Pizza Piazza,Restaurants,Purchase,41.84,Sample User
03/05/2024,03/06/2024,MEGAMART ONLINE 1 FULFILLMENT RD COMMERCE 98100 WA USA,MegaMart Online,Shopping,Purchase,162.09,Sample User
03/05/2024,03/06/2024,METRO GAS 210 DEPOT ST RIVERTON 90210 CA USA,Metro Gas,Gas,Purchase,36.69,Sample User
03/05/2024,03/05/2024,GADGET DEPOT MONTHLY INSTALLMENT,Gadget Depot Installments,Installment,Installment,41.62,Sample User
03/05/2024,03/05/2024,ACH DEPOSIT INTERNET TRANSFER FROM ACCOUNT ENDING IN 1122,Ach Deposit Internet Transfer From Account Ending In 1122,Payment,Payment,-1920.00,Sample User
03/04/2024,03/05/2024,HARVEST FOODS 450 MEADOW LN RIVERTON 90210 CA USA,Harvest Foods,Grocery,Purchase,18.24,Sample User
03/04/2024,03/05/2024,CORNER GROCER 77 ELM ST SPRINGFIELD 90012 CA USA,Corner Grocer,Grocery,Purchase,19.99,Sample User
03/03/2024,03/04/2024,SQ *COFFEE COLLECTIVE 61 STATION PLZ SPRINGFIELD 90012 CA USA,Coffee Collective,Restaurants,Purchase,8.48,Sample User
03/03/2024,03/05/2024,SQ *COFFEE COLLECTIVE 61 STATION PLZ SPRINGFIELD 90012 CA USA,Coffee Collective,Restaurants,Purchase,10.90,Sample User
03/03/2024,03/04/2024,STREAMFLEX 500 MEDIA WAY METROPOLIS 94107 CA USA,StreamFlex,Entertainment,Purchase,15.99,Sample User
03/02/2024,03/03/2024,TST*SUSHI GROVE 840 GARDEN WAY RIVERTON 90210 CA USA,Sushi Grove,Restaurants,Purchase,39.90,Sample User
03/02/2024,03/03/2024,SQ *COFFEE COLLECTIVE 61 STATION PLZ SPRINGFIELD 90012 CA USA,Coffee Collective,Restaurants,Purchase,13.26,Sample User
03/01/2024,03/03/2024,MEGAMART ONLINE 1 FULFILLMENT RD COMMERCE 98100 WA USA,MegaMart Online,Shopping,Purchase,61.19,Sample User
02/29/2024,03/01/2024,METRO TRANSIT 1 TRANSIT WAY METROPOLIS 94101 CA USA,Metro Transit,Transportation,Purchase,11.16,Sample User
02/29/2024,03/02/2024,GREENFIELD MARKET 1200 ORCHARD AVE SPRINGFIELD 90011 CA USA,Greenfield Market,Grocery,Purchase,128.87,Sample User
02/28/2024,03/01/2024,SUNRISE DINER 5 HARBOR RD BAYSIDE 90501 CA USA,Sunrise Diner,Restaurants,Purchase,42.54,Sample User
02/27/2024,02/29/2024,TST*NOODLE JUNCTION 901 CANAL ST SPRINGFIELD 90013 CA USA,Noodle Junction,Restaurants,Purchase,51.91,Sample User
02/27/2024,02/29/2024,GADGET DEPOT 512 CIRCUIT DR METROPOLIS 94103 CA USA,Gadget Depot,Shopping,Purchase,157.09,Sample User
02/26/2024,02/27/2024,PARKING PLUS 450 GARAGE WAY METROPOLIS 94105 CA USA,Parking Plus,Other,Purchase,4.48,Sample User
02/26/2024,02/28/2024,MEGAMART ONLINE 1 FULFILLMENT RD COMMERCE 98100 WA USA,MegaMart Online,Shopping,Purchase,132.37,Sample User
02/25/2024,02/26/2024,MEGAMART ONLINE 1 FULFILLMENT RD COMMERCE 98100 WA USA,MegaMart Online,Shopping,Purchase,42.11,Sample User
02/25/2024,02/26/2024,METRO TRANSIT 1 TRANSIT WAY METROPOLIS 94101 CA USA,Metro Transit,Transportation,Purchase,4.73,Sample User
02/24/2024,02/26/2024,HARVEST FOODS 450 MEADOW LN RIVERTON 90210 CA USA,Harvest Foods,Grocery,Purchase,21.96,Sample User
02/24/2024,02/25/2024,SQ *COFFEE COLLECTIVE 61 STATION PLZ SPRINGFIELD 90012 CA USA,Coffee Collective,Restaurants,Purchase,13.93,Sample User
02/24/2024,02/25/2024,GREENFIELD MARKET 1200 ORCHARD AVE SPRINGFIELD 90011 CA USA,Greenfield Market,Grocery,Purchase,99.04,Sample User
02/23/2024,02/24/2024,PIZZA PIAZZA 333 OAK AVE SPRINGFIELD 90011 CA USA,Pizza Piazza,Restaurants,Purchase,26.72,Sample User
02/23/2024,02/24/2024,GREENFIELD MARKET 1200 ORCHARD AVE SPRINGFIELD 90011 CA USA,Greenfield Market,Grocery,Purchase,72.15,Sample User
02/22/2024,02/24/2024,TST*NOODLE JUNCTION 901 CANAL ST SPRINGFIELD 90013 CA USA,Noodle Junction,Restaurants,Purchase,27.16,Sample User
02/22/2024,02/23/2024,GREENFIELD MARKET 1200 ORCHARD AVE SPRINGFIELD 90011 CA USA,Greenfield Market,Grocery,Purchase,26.83,Sample User
02/21/2024,02/23/2024,CORNER GROCER 77 ELM ST SPRINGFIELD 90012 CA USA,Corner Grocer,Grocery,Purchase,34.07,Sample User
02/20/2024,02/21/2024,PIZZA PIAZZA 333 OAK AVE SPRINGFIELD 90011 CA USA,Pizza Piazza,Restaurants,Purchase,36.07,Sample User
02/19/2024,02/21/2024,FUN ZONE ARCADE 22 PIER AVE BAYSIDE 90501 CA USA,Fun Zone Arcade,Entertainment,Purchase,50.09,Sample User
02/18/2024,02/20/2024,GREENFIELD MARKET 1200 ORCHARD AVE SPRINGFIELD 90011 CA USA,Greenfield Market,Grocery,Purchase,12.70,Sample User
02/18/2024,02/20/2024,GREENFIELD MARKET 1200 ORCHARD AVE SPRINGFIELD 90011 CA USA,Greenfield Market,Grocery,Purchase,9.70,Sample User
02/18/2024,02/19/2024,FITPASS GYM 340 MUSCLE AVE SPRINGFIELD 90016 CA USA,FitPass Gym,Entertainment,Purchase,39.00,Sample User
02/17/2024,02/18/2024,GREENFIELD MARKET 1200 ORCHARD AVE SPRINGFIELD 90011 CA USA,Greenfield Market,Grocery,Purchase,118.49,Sample User
02/17/2024,02/19/2024,BURGER BARN 710 RANCH RD MESQUITE FLATS 85300 AZ USA,Burger Barn,Restaurants,Purchase,20.82,Sample User
02/16/2024,02/17/2024,TST*NOODLE JUNCTION 901 CANAL ST SPRINGFIELD 90013 CA USA,Noodle Junction,Restaurants,Purchase,50.80,Sample User
02/16/2024,02/17/2024,CITY RIDESHARE 400 TECH PARK DR METROPOLIS 94100 CA USA,City Rideshare,Transportation,Purchase,32.99,Sample User
02/15/2024,02/16/2024,TST*NOODLE JUNCTION 901 CANAL ST SPRINGFIELD 90013 CA USA,Noodle Junction,Restaurants,Purchase,33.50,Sample User
02/14/2024,02/16/2024,CORNER GROCER 77 ELM ST SPRINGFIELD 90012 CA USA,Corner Grocer,Grocery,Purchase,39.97,Sample User
02/14/2024,02/15/2024,TST*BLUE DOOR CAFE 18 MAIN ST SPRINGFIELD 90011 CA USA,Blue Door Cafe,Restaurants,Purchase,36.58,Sample User
02/13/2024,02/14/2024,METRO GAS 210 DEPOT ST RIVERTON 90210 CA USA,Metro Gas,Gas,Purchase,18.61,Sample User
02/13/2024,02/14/2024,CITY BIKE SHARE 600 GREENWAY METROPOLIS 94102 CA USA,City Bike Share,Entertainment,Purchase,12.23,Sample User
02/12/2024,02/13/2024,CORNER GROCER 77 ELM ST SPRINGFIELD 90012 CA USA,Corner Grocer,Grocery,Purchase,34.67,Sample User
02/12/2024,02/13/2024,CLOUDNOTE PRO 25 SAAS ST METROPOLIS 94108 CA USA,CloudNote Pro,Other,Purchase,9.99,Sample User
02/11/2024,02/13/2024,TACO VERDE 2400 SUNSET BLVD RIVERTON 90210 CA USA,Taco Verde,Restaurants,Purchase,12.07,Sample User
02/11/2024,02/12/2024,FUN ZONE ARCADE 22 PIER AVE BAYSIDE 90501 CA USA,Fun Zone Arcade,Entertainment,Purchase,34.47,Sample User
02/10/2024,02/11/2024,MEGAMART ONLINE 1 FULFILLMENT RD COMMERCE 98100 WA USA,MegaMart Online,Shopping,Purchase,32.69,Sample User
02/10/2024,02/11/2024,TST*NOODLE JUNCTION 901 CANAL ST SPRINGFIELD 90013 CA USA,Noodle Junction,Restaurants,Purchase,21.31,Sample User
02/09/2024,02/10/2024,SQ *COFFEE COLLECTIVE 61 STATION PLZ SPRINGFIELD 90012 CA USA,Coffee Collective,Restaurants,Purchase,4.95,Sample User
02/08/2024,02/10/2024,SQ *COFFEE COLLECTIVE 61 STATION PLZ SPRINGFIELD 90012 CA USA,Coffee Collective,Restaurants,Purchase,5.59,Sample User
02/07/2024,02/08/2024,TST*SUSHI GROVE 840 GARDEN WAY RIVERTON 90210 CA USA,Sushi Grove,Restaurants,Purchase,73.87,Sample User
02/07/2024,02/09/2024,SUNRISE DINER 5 HARBOR RD BAYSIDE 90501 CA USA,Sunrise Diner,Restaurants,Purchase,41.55,Sample User
02/06/2024,02/07/2024,SQ *COFFEE COLLECTIVE 61 STATION PLZ SPRINGFIELD 90012 CA USA,Coffee Collective,Restaurants,Purchase,15.52,Sample User
02/06/2024,02/07/2024,PACIFIC AIR 100 SKYWAY METROPOLIS 94104 CA USA,Pacific Air,Credit,Credit,-257.15,Sample User
02/05/2024,02/07/2024,SUNRISE DINER 5 HARBOR RD BAYSIDE 90501 CA USA,Sunrise Diner,Restaurants,Purchase,25.93,Sample User
02/05/2024,02/05/2024,GADGET DEPOT MONTHLY INSTALLMENT,Gadget Depot Installments,Installment,Installment,41.62,Sample User
02/05/2024,02/05/2024,ACH DEPOSIT INTERNET TRANSFER FROM ACCOUNT ENDING IN 1122,Ach Deposit Internet Transfer From Account Ending In 1122,Payment,Payment,-1940.00,Sample User
02/04/2024,02/05/2024,CITY PARKING METERS CITY HALL SPRINGFIELD 90011 CA USA,City Parking Meters,Govt-services-parking,Purchase,5.97,Sample User
02/04/2024,02/05/2024,SQ *COFFEE COLLECTIVE 61 STATION PLZ SPRINGFIELD 90012 CA USA,Coffee Collective,Restaurants,Purchase,8.47,Sample User
02/03/2024,02/04/2024,TACO VERDE 2400 SUNSET BLVD RIVERTON 90210 CA USA,Taco Verde,Restaurants,Purchase,19.57,Sample User
02/03/2024,02/05/2024,PARKING PLUS 450 GARAGE WAY METROPOLIS 94105 CA USA,Parking Plus,Other,Purchase,18.81,Sample User
02/03/2024,02/05/2024,METRO TRANSIT 1 TRANSIT WAY METROPOLIS 94101 CA USA,Metro Transit,Transportation,Purchase,9.82,Sample User
02/03/2024,02/04/2024,STREAMFLEX 500 MEDIA WAY METROPOLIS 94107 CA USA,StreamFlex,Entertainment,Purchase,15.99,Sample User
02/02/2024,02/03/2024,HARVEST FOODS 450 MEADOW LN RIVERTON 90210 CA USA,Harvest Foods,Grocery,Purchase,71.93,Sample User
02/01/2024,02/02/2024,VINE & BARREL 17 CELLAR ROW RIVERTON 90210 CA USA,Vine & Barrel,Alcohol,Purchase,37.78,Sample User
02/01/2024,02/03/2024,SQ *COFFEE COLLECTIVE 61 STATION PLZ SPRINGFIELD 90012 CA USA,Coffee Collective,Restaurants,Purchase,7.58,Sample User
01/31/2024,02/02/2024,TACO VERDE 2400 SUNSET BLVD RIVERTON 90210 CA USA,Taco Verde,Restaurants,Purchase,19.84,Sample User
01/30/2024,02/01/2024,GREENFIELD MARKET 1200 ORCHARD AVE SPRINGFIELD 90011 CA USA,Greenfield Market,Grocery,Purchase,83.13,Sample User
01/29/2024,01/30/2024,ROADSTAR FUEL 1500 HIGHWAY 9 SPRINGFIELD 90014 CA USA,Roadstar Fuel,Gas,Purchase,49.18,Sample User
01/28/2024,01/30/2024,SQ *COFFEE COLLECTIVE 61 STATION PLZ SPRINGFIELD 90012 CA USA,Coffee Collective,Restaurants,Purchase,13.48,Sample User
01/28/2024,01/30/2024,STYLE OUTLET 78 FASHION SQ RIVERTON 90210 CA USA,Style Outlet,Shopping,Purchase,58.31,Sample User
01/27/2024,01/28/2024,SQ *COFFEE COLLECTIVE 61 STATION PLZ SPRINGFIELD 90012 CA USA,Coffee Collective,Restaurants,Purchase,8.07,Sample User
01/27/2024,01/29/2024,GREENFIELD MARKET 1200 ORCHARD AVE SPRINGFIELD 90011 CA USA,Greenfield Market,Grocery,Purchase,46.23,Sample User
01/26/2024,01/28/2024,CITY RIDESHARE 400 TECH PARK DR METROPOLIS 94100 CA USA,City Rideshare,Transportation,Purchase,25.92,Sample User
01/25/2024,01/27/2024,TACO VERDE 2400 SUNSET BLVD RIVERTON 90210 CA USA,Taco Verde,Restaurants,Purchase,23.56,Sample User
01/24/2024,01/25/2024,HARVEST FOODS 450 MEADOW LN RIVERTON 90210 CA USA,Harvest Foods,Grocery,Purchase,93.68,Sample User
01/23/2024,01/25/2024,CINEMA PLAZA 95 PROMENADE SPRINGFIELD 90011 CA USA,Cinema Plaza,Entertainment,Purchase,34.91,Sample User
01/22/2024,01/24/2024,CITY RIDESHARE 400 TECH PARK DR METROPOLIS 94100 CA USA,City Rideshare,Transportation,Purchase,21.45,Sample User
01/22/2024,01/23/2024,BURGER BARN 710 RANCH RD MESQUITE FLATS 85300 AZ USA,Burger Barn,Restaurants,Purchase,9.90,Sample User
01/21/2024,01/23/2024,MEGAMART ONLINE 1 FULFILLMENT RD COMMERCE 98100 WA USA,MegaMart Online,Shopping,Purchase,99.45,Sample User
01/21/2024,01/22/2024,PARKING PLUS 450 GARAGE WAY METROPOLIS 94105 CA USA,Parking Plus,Other,Purchase,11.15,Sample User
01/20/2024,01/21/2024,PIZZA PIAZZA 333 OAK AVE SPRINGFIELD 90011 CA USA,Pizza Piazza,Restaurants,Purchase,61.28,Sample User
01/20/2024,01/21/2024,GREENFIELD MARKET 1200 ORCHARD AVE SPRINGFIELD 90011 CA USA,Greenfield Market,Grocery,Purchase,40.60,Sample User
01/19/2024,01/21/2024,BURGER BARN 710 RANCH RD MESQUITE FLATS 85300 AZ USA,Burger Barn,Restaurants,Purchase,8.33,Sample User
01/18/2024,01/19/2024,HARVEST FOODS 450 MEADOW LN RIVERTON 90210 CA USA,Harvest Foods,Grocery,Purchase,97.52,Sample User
01/18/2024,01/19/2024,FITPASS GYM 340 MUSCLE AVE SPRINGFIELD 90016 CA USA,FitPass Gym,Entertainment,Purchase,39.00,Sample User
01/17/2024,01/19/2024,SQ *COFFEE COLLECTIVE 61 STATION PLZ SPRINGFIELD 90012 CA USA,Coffee Collective,Restaurants,Purchase,13.61,Sample User
01/16/2024,01/18/2024,CORNER GROCER 77 ELM ST SPRINGFIELD 90012 CA USA,Corner Grocer,Grocery,Purchase,4.41,Sample User
01/15/2024,01/17/2024,SQ *COFFEE COLLECTIVE 61 STATION PLZ SPRINGFIELD 90012 CA USA,Coffee Collective,Restaurants,Purchase,4.70,Sample User
01/14/2024,01/16/2024,HARVEST FOODS 450 MEADOW LN RIVERTON 90210 CA USA,Harvest Foods,Grocery,Purchase,57.33,Sample User
01/14/2024,01/15/2024,TST*BLUE DOOR CAFE 18 MAIN ST SPRINGFIELD 90011 CA USA,Blue Door Cafe,Restaurants,Purchase,18.95,Sample User
01/13/2024,01/14/2024,GREENFIELD MARKET 1200 ORCHARD AVE SPRINGFIELD 90011 CA USA,Greenfield Market,Grocery,Purchase,16.29,Sample User
01/13/2024,01/15/2024,SQ *COFFEE COLLECTIVE 61 STATION PLZ SPRINGFIELD 90012 CA USA,Coffee Collective,Restaurants,Purchase,6.17,Sample User
01/12/2024,01/14/2024,GREENFIELD MARKET 1200 ORCHARD AVE SPRINGFIELD 90011 CA USA,Greenfield Market,Grocery,Purchase,97.66,Sample User
01/12/2024,01/13/2024,CLOUDNOTE PRO 25 SAAS ST METROPOLIS 94108 CA USA,CloudNote Pro,Other,Purchase,9.99,Sample User
01/11/2024,01/12/2024,BURGER BARN 710 RANCH RD MESQUITE FLATS 85300 AZ USA,Burger Barn,Restaurants,Purchase,26.44,Sample User
01/11/2024,01/13/2024,SUMMIT LODGE 9000 ALPINE RD SUMMIT VALE 80400 CO USA,Summit Lodge,Hotels,Purchase,200.60,Sample User
01/10/2024,01/12/2024,TST*NOODLE JUNCTION 901 CANAL ST SPRINGFIELD 90013 CA USA,Noodle Junction,Restaurants,Purchase,52.59,Sample User
01/10/2024,01/12/2024,GREENFIELD MARKET 1200 ORCHARD AVE SPRINGFIELD 90011 CA USA,Greenfield Market,Grocery,Purchase,73.04,Sample User
01/09/2024,01/11/2024,PIZZA PIAZZA 333 OAK AVE SPRINGFIELD 90011 CA USA,Pizza Piazza,Restaurants,Purchase,45.89,Sample User
01/08/2024,01/09/2024,CITY RIDESHARE 400 TECH PARK DR METROPOLIS 94100 CA USA,City Rideshare,Transportation,Purchase,34.81,Sample User
01/07/2024,01/08/2024,CORNER GROCER 77 ELM ST SPRINGFIELD 90012 CA USA,Corner Grocer,Grocery,Purchase,33.53,Sample User
01/07/2024,01/08/2024,TACO VERDE 2400 SUNSET BLVD RIVERTON 90210 CA USA,Taco Verde,Restaurants,Purchase,11.70,Sample User
01/06/2024,01/08/2024,SQ *COFFEE COLLECTIVE 61 STATION PLZ SPRINGFIELD 90012 CA USA,Coffee Collective,Restaurants,Purchase,8.48,Sample User
01/06/2024,01/08/2024,TST*BLUE DOOR CAFE 18 MAIN ST SPRINGFIELD 90011 CA USA,Blue Door Cafe,Restaurants,Purchase,20.40,Sample User
01/05/2024,01/07/2024,HARVEST FOODS 450 MEADOW LN RIVERTON 90210 CA USA,Harvest Foods,Grocery,Purchase,27.21,Sample User
01/05/2024,01/07/2024,HARVEST FOODS 450 MEADOW LN RIVERTON 90210 CA USA,Harvest Foods,Grocery,Purchase,80.06,Sample User
01/05/2024,01/05/2024,GADGET DEPOT MONTHLY INSTALLMENT,Gadget Depot Installments,Installment,Installment,41.62,Sample User
01/04/2024,01/06/2024,PIZZA PIAZZA 333 OAK AVE SPRINGFIELD 90011 CA USA,Pizza Piazza,Restaurants,Purchase,17.89,Sample User
01/04/2024,01/06/2024,SQ *COFFEE COLLECTIVE 61 STATION PLZ SPRINGFIELD 90012 CA USA,Coffee Collective,Restaurants,Purchase,5.09,Sample User
01/03/2024,01/04/2024,TACO VERDE 2400 SUNSET BLVD RIVERTON 90210 CA USA,Taco Verde,Restaurants,Purchase,11.43,Sample User
01/03/2024,01/04/2024,TST*BLUE DOOR CAFE 18 MAIN ST SPRINGFIELD 90011 CA USA,Blue Door Cafe,Restaurants,Purchase,28.54,Sample User
01/03/2024,01/04/2024,STREAMFLEX 500 MEDIA WAY METROPOLIS 94107 CA USA,StreamFlex,Entertainment,Purchase,15.99,Sample User
01/02/2024,01/03/2024,PIZZA PIAZZA 333 OAK AVE SPRINGFIELD 90011 CA USA,Pizza Piazza,Restaurants,Purchase,46.59,Sample User
01/01/2024,01/02/2024,GREENFIELD MARKET 1200 ORCHARD AVE SPRINGFIELD 90011 CA USA,Greenfield Market,Grocery,Purchase,86.39,Sample User
01/01/2024,01/03/2024,TST*BLUE DOOR CAFE 18 MAIN ST SPRINGFIELD 90011 CA USA,Blue Door Cafe,Restaurants,Purchase,34.34,Sample User
